epoch,loss
0,4834.32
1,4812.99
2,3294.2
3,3108.02
4,3076.64
5,3017.03
6,2856.71
7,2858.02
8,2577.49
9,2559.7
10,2363.83
11,2355.29
12,2253.97
13,2238.59
14,2127.65
15,1846.51
16,1801.51
17,1788.27
18,1776.39
19,1670.12
20,1642.72
21,1575.65
22,1542.09
23,1534.64
24,1249.55
25,1231.01
26,1115
27,1115
28,893.274
29,792.608
30,760.329
31,745.734
32,744.16
33,709.348
34,707.614
35,707.193
36,704.554
37,643.145
38,643.085
39,399.705
40,399.13
41,377.161
42,308.366
43,307.43
44,236.689
45,220.226
46,205.412
47,205.356
48,205.278
49,160.628
50,159.737
51,156.878
52,147.642
53,146.052
54,139.754
55,130.46
56,130.227
57,123.937
58,80.5557
59,76.617
60,74.7564
61,72.1501
62,71.4561
63,62.691
64,40.1369
65,40.092
66,36.5735
67,36.5954
68,32.7983
69,32.842
70,32.6651
71,30.5937
72,30.6023
73,30.5965
74,30.539
75,23.1558
76,21.2695
77,18.4485
78,18.0871
79,17.9195
80,16.3241
81,15.8177
82,15.6758
83,15.2535
84,12.831
85,12.8209
86,12.6509
87,12.6401
88,12.6486
89,11.6978
90,9.02471
91,9.03051
92,8.62951
93,8.54377
94,8.53658
95,8.40455
96,8.42093
97,8.33775
98,7.71933
99,6.87233
100,6.85756
101,6.50987
102,6.50349
103,6.16762
104,6.17211
105,6.12366
106,6.11955
107,6.12688
108,5.94425
109,5.57505
110,5.54714
111,5.5386
112,5.48705
113,5.20049
114,5.14985
115,4.91048
116,4.92604
117,4.53651
118,4.53654
119,4.3564
120,4.34196
121,4.31328
122,4.28226
123,4.25074
124,3.79765
125,3.15417
126,3.15218
127,3.16416
128,3.17019
129,3.18463
130,3.16248
131,2.96305
132,2.92329
133,2.9235
134,2.93683
135,2.67669
136,2.4229
137,2.45692
138,2.39563
139,2.32129
140,2.32714
141,2.28831
142,2.2262
143,2.20678
144,2.20303
145,2.07543
146,1.90312
147,1.66449
148,1.66042
149,1.52349
150,1.54575
151,1.50776
152,1.46904
153,1.46457
154,1.45417
155,1.45724
156,1.45061
157,1.45063
158,1.34409
159,1.3385
160,1.33543
161,1.33596
162,1.23213
163,1.24341
164,1.22544
165,1.24119
166,1.2399
167,1.23418
168,1.24948
169,1.27618
170,1.24629
171,1.24622
172,1.25285
173,1.25194
174,1.22175
175,1.21805
176,1.24051
177,1.24205
178,1.21091
179,1.18031
180,1.17145
181,1.17091
182,1.13186
183,1.09363
184,1.11088
185,1.11727
186,1.13267
187,1.12065
188,1.1245
189,1.12626
190,1.0949
191,1.09432
192,1.06728
193,1.06687
194,1.10456
195,1.13251
196,1.11602
197,1.11632
198,1.11254
199,1.13306
200,1.14693
201,1.19098
202,1.19202
203,1.21139
204,1.21939
205,1.21532
206,1.21522
207,1.21522
208,1.16157
209,1.15494
210,1.15518
211,1.15604
212,1.16633
213,1.15233
214,1.1577
215,1.15231
216,1.1568
217,1.14769
218,1.14359
219,1.08346
220,1.06748
221,1.08933
222,1.10645
223,1.11333
224,1.11564
225,1.13942
226,1.12503
227,1.13417
228,1.13173
229,1.12825
230,1.11015
231,1.1108
232,1.107
233,1.11275
234,1.11496
235,1.10923
236,1.1178
237,1.11791
238,1.10808
239,1.11565
240,1.12578
241,1.16459
242,1.16971
243,1.12622
244,1.10404
245,1.09883
246,1.09741
247,1.09573
248,1.11471
249,1.11202
250,1.1108
251,1.08887
252,1.13354
253,1.13644
254,1.03439
255,0.996551
256,0.996575
257,0.988675
258,0.974888
259,0.979975
260,1.01716
261,1.05667
262,1.0639
263,1.06378
264,1.01044
265,0.982229
266,1.02726
267,1.01126
268,0.994044
269,0.992902
270,1.02264
271,1.01079
272,1.01486
273,1.01328
274,1.03844
275,1.15853
276,1.15637
277,1.16233
278,1.12197
279,1.13017
280,1.14072
281,1.12934
282,1.12572
283,1.11787
284,1.11216
285,1.10381
286,1.11682
287,1.09965
288,1.10132
289,1.07245
290,1.04886
291,1.05311
292,1.04707
293,1.03428
294,1.03437
295,1.01855
296,1.01963
297,0.993754
298,0.993357
299,0.99309
300,1.01376
301,0.988611
302,1.00692
303,1.00938
304,0.999016
305,1.0017
306,1.04496
307,1.05836
308,1.03886
309,1.03021
310,1.05437
311,1.05623
312,1.1234
313,1.12321
314,1.12414
315,1.15457
316,1.16714
317,1.16472
318,1.09681
319,1.14556
320,1.11743
321,1.11525
322,1.11417
323,1.06921
324,1.03123
325,1.04404
326,1.02452
327,1.02386
328,1.02384
329,1.03778
330,1.05149
331,1.02408
332,1.05775
333,1.06038
334,1.00533
335,0.992413
336,0.992237
337,0.98896
338,0.998543
339,0.999222
340,0.986917
341,0.98689
342,0.93744
343,0.954072
344,0.929384
345,0.941815
346,0.942078
347,0.91024
348,0.90434
349,0.88908
350,0.889817
351,0.888281
352,0.882214
353,0.887252
354,0.893834
355,0.88678
356,0.883947
357,0.88293
358,0.888486
359,0.905941
360,0.903688
361,0.903637
362,0.901429
363,0.917762
364,0.918039
365,0.923155
366,0.900038
367,0.898031
368,0.937776
369,0.941683
370,0.956591
371,0.966003
372,0.966508
373,0.970081
374,0.958188
375,0.946099
376,0.933843
377,0.934864
378,0.927894
379,0.947141
380,0.944588
381,0.94457
382,0.957477
383,0.973157
384,0.993045
385,0.972621
386,0.988343
387,0.99287
388,0.993617
389,0.989904
390,0.928611
391,0.931133
392,0.918397
393,0.929385
394,0.956264
395,0.930918
396,0.92694
397,0.913351
398,0.889895
399,0.864903
400,0.855779
401,0.860878
402,0.861141
403,0.85453
404,0.856947
405,0.858585
406,0.858025
407,0.861322
408,0.858149
409,0.845377
410,0.84135
411,0.842866
412,0.838877
413,0.838317
414,0.836722
415,0.807796
416,0.805799
417,0.808662
418,0.800651
419,0.806385
420,0.827981
421,0.8272
422,0.823435
423,0.814415
424,0.816433
425,0.823719
426,0.830162
427,0.837159
428,0.825831
429,0.824109
430,0.825321
431,0.842786
432,0.836947
433,0.857034
434,0.833171
435,0.828318
436,0.833433
437,0.843083
438,0.850423
439,0.839659
440,0.838017
441,0.833636
442,0.828802
443,0.822267
444,0.82195
445,0.828549
446,0.853063
447,0.850419
448,0.871174
449,0.903873
450,0.900738
451,0.895306
452,0.868629
453,0.866982
454,0.87315
455,0.87133
456,0.912871
457,0.90988
458,0.903972
459,0.898474
460,0.848156
461,0.847955
462,0.84781
463,0.810415
464,0.809962
465,0.818514
466,0.812
467,0.799968
468,0.796758
469,0.79773
470,0.806141
471,0.810666
472,0.813793
473,0.817339
474,0.815696
475,0.809276
476,0.809303
477,0.809941
478,0.811573
479,0.80792
480,0.806716
481,0.80653
482,0.817466
483,0.806136
484,0.800895
485,0.802744
486,0.79117
487,0.81819
488,0.827241
489,0.826481
490,0.842978
491,0.84246
492,0.829573
493,0.824876
494,0.799682
495,0.801633
496,0.800982
497,0.793033
498,0.788351
499,0.786672
500,0.776561
501,0.784007
502,0.78441
503,0.759524
504,0.759729
505,0.762164
506,0.764835
507,0.793147
508,0.823599
509,0.822306
510,0.829944
511,0.840204
512,0.839331
513,0.819535
514,0.822363
515,0.837271
516,0.846772
517,0.85083
518,0.898815
519,0.85799
520,0.856455
521,0.903766
522,0.896125
523,0.890269
524,0.884661
525,0.870571
526,0.880497
527,0.875781
528,0.874022
529,0.884976
530,0.893348
531,0.897577
532,0.879997
533,0.901421
534,0.918115
535,0.853763
536,0.853508
537,0.854665
538,0.855845
539,0.854769
540,0.873653
541,0.867786
542,0.865779
543,0.868909
544,0.868975
545,0.868381
546,0.902189
547,0.921693
548,0.862802
549,0.862909
550,0.882679
551,0.886064
552,0.857734
553,0.864241
554,0.84282
555,0.836002
556,0.835528
557,0.81209
558,0.845499
559,0.867954
560,0.916312
561,0.921233
562,0.899708
563,0.907885
564,0.876524
565,0.881175
566,0.891971
567,0.862249
568,0.854681
569,0.885642
570,0.893831
571,0.801727
572,0.82776
573,0.828179
574,0.822473
575,0.826186
576,0.817294
577,0.816776
578,0.822769
579,0.826486
580,0.828316
581,0.855245
582,0.850475
583,0.836255
584,0.890069
585,0.91647
586,0.914879
587,0.909842
588,0.972705
589,0.968503
590,0.963988
591,0.976125
592,1.00921
593,0.995213
594,0.989013
595,0.986972
596,1.02797
597,0.912311
598,0.958447
599,0.9616
600,0.960451
601,0.94513
602,0.875075
603,0.849883
604,0.852394
605,0.837773
606,0.812209
607,0.786861
608,0.780075
609,0.778241
610,0.792296
611,0.790702
612,0.809419
613,0.809952
614,0.804045
615,0.795157
616,0.813645
617,0.817314
618,0.810112
619,0.809332
620,0.804345
621,0.811288
622,0.811727
623,0.820125
624,0.820385
625,0.849795
626,0.829694
627,0.800967
628,0.805001
629,0.805593
630,0.795419
631,0.768687
632,0.767975
633,0.770967
634,0.745123
635,0.754657
636,0.749472
637,0.749623
638,0.749566
639,0.749723
640,0.741763
641,0.742731
642,0.796881
643,0.813606
644,0.812269
645,0.842439
646,0.839249
647,0.8165
648,0.814437
649,0.815182
650,0.835281
651,0.857308
652,0.857936
653,0.860663
654,0.807177
655,0.796593
656,0.791766
657,0.779086
658,0.787851
659,0.788833
660,0.789079
661,0.796004
662,0.794665
663,0.804965
664,0.807313
665,0.794406
666,0.811455
667,0.810665
668,0.808238
669,0.810379
670,0.863669
671,0.903545
672,0.90337
673,0.84847
674,0.875875
675,0.882188
676,0.872323
677,0.864438
678,0.856836
679,0.832379
680,0.831734
681,0.825547
682,0.74469
683,0.740174
684,0.73993
685,0.731407
686,0.740373
687,0.725226
688,0.735647
689,0.739044
690,0.743513
691,0.745793
692,0.742885
693,0.749815
694,0.750532
695,0.750073
696,0.755736
697,0.755236
698,0.758632
699,0.75866
700,0.805129
701,0.827209
702,0.826724
703,0.79742
704,0.790872
705,0.79135
706,0.787415
707,0.78952
708,0.788078
709,0.755317
710,0.756635
711,0.765089
712,0.765877
713,0.7627
714,0.76293
715,0.730901
716,0.731474
717,0.745071
718,0.748065
719,0.747066
720,0.74246
721,0.738476
722,0.733073
723,0.741248
724,0.74135
725,0.742561
726,0.721137
727,0.724264
728,0.726912
729,0.72844
730,0.714317
731,0.719211
732,0.710282
733,0.709994
734,0.706191
735,0.696493
736,0.701194
737,0.713129
738,0.71462
739,0.714325
740,0.715694
741,0.716304
742,0.725326
743,0.726826
744,0.720433
745,0.724685
746,0.721503
747,0.711998
748,0.712255
749,0.712776
750,0.7052
751,0.709323
752,0.711228
753,0.712212
754,0.704948
755,0.683932
756,0.691716
757,0.710871
758,0.734777
759,0.727073
760,0.72977
761,0.725369
762,0.722734
763,0.713656
764,0.710278
765,0.703676
766,0.688117
767,0.688557
768,0.69334
769,0.693745
770,0.693717
771,0.694722
772,0.692902
773,0.693102
774,0.697259
775,0.68547
776,0.682842
777,0.680221
778,0.672987
779,0.666957
780,0.665737
781,0.675087
782,0.674846
783,0.678136
784,0.684284
785,0.679511
786,0.676525
787,0.665942
788,0.665581
789,0.676403
790,0.681376
791,0.679685
792,0.712214
793,0.710086
794,0.710341
795,0.731933
796,0.731791
797,0.735993
798,0.726407
799,0.721983
800,0.71377
801,0.722556
802,0.716215
803,0.710779
804,0.707329
805,0.701358
806,0.701359
807,0.743904
808,0.758505
809,0.753283
810,0.730906
811,0.740585
812,0.740379
813,0.741172
814,0.739149
815,0.746556
816,0.755932
817,0.756935
818,0.769587
819,0.780966
820,0.801844
821,0.800008
822,0.800239
823,0.799553
824,0.808316
825,0.823559
826,0.805194
827,0.826718
828,0.835988
829,0.838099
830,0.789313
831,0.739748
832,0.747253
833,0.743654
834,0.734191
835,0.730012
836,0.728764
837,0.733829
838,0.765934
839,0.729674
840,0.727261
841,0.718284
842,0.724866
843,0.753379
844,0.76654
845,0.765392
846,0.786614
847,0.773322
848,0.774487
849,0.771108
850,0.765899
851,0.765058
852,0.757431
853,0.759278
854,0.758988
855,0.748925
856,0.743539
857,0.758149
858,0.7594
859,0.743548
860,0.743935
861,0.742485
862,0.738156
863,0.738234
864,0.760663
865,0.750055
866,0.765404
867,0.772018
868,0.777634
869,0.759744
870,0.756253
871,0.787672
872,0.779864
873,0.790852
874,0.771651
875,0.756791
876,0.747745
877,0.786436
878,0.794584
879,0.780538
880,0.808392
881,0.808245
882,0.801705
883,0.802308
884,0.795659
885,0.798014
886,0.788827
887,0.766999
888,0.762181
889,0.750029
890,0.749655
891,0.747225
892,0.708907
893,0.712521
894,0.733559
895,0.704104
896,0.72984
897,0.727413
898,0.726595
899,0.756206
900,0.758665
901,0.748285
902,0.738554
903,0.744626
904,0.737222
905,0.736643
906,0.730998
907,0.733707
908,0.723985
909,0.737014
910,0.770672
911,0.753177
912,0.797485
913,0.825262
914,0.819343
915,0.81856
916,0.814639
917,0.815474
918,0.816031
919,0.859731
920,0.766109
921,0.761014
922,0.782124
923,0.783451
924,0.782899
925,0.794586
926,0.795606
927,0.784601
928,0.784734
929,0.794288
930,0.802402
931,0.820269
932,0.782706
933,0.74635
934,0.73664
935,0.736494
936,0.718747
937,0.726335
938,0.723509
939,0.650469
940,0.663892
941,0.663949
942,0.664217
943,0.666586
944,0.665228
945,0.710426
946,0.686864
947,0.674927
948,0.674635
949,0.669874
950,0.667725
951,0.662265
952,0.674502
953,0.675765
954,0.691165
955,0.673337
956,0.67654
957,0.680603
958,0.680382
959,0.698789
960,0.694138
961,0.704172
962,0.702594
963,0.704994
964,0.71723
965,0.704141
966,0.713031
967,0.722501
968,0.719618
969,0.707219
970,0.683945
971,0.68377
972,0.688579
973,0.684741
974,0.687686
975,0.699639
976,0.703811
977,0.692645
978,0.681327
979,0.673303
980,0.660576
981,0.657174
982,0.639063
983,0.637252
984,0.637605
985,0.629625
986,0.641638
987,0.656204
988,0.649362
989,0.64905
990,0.653673
991,0.656024
992,0.638688
993,0.663047
994,0.670836
995,0.701074
996,0.699341
997,0.726108
998,0.701181
999,0.700764
1000,0.734107
1001,0.734967
1002,0.772669
1003,0.790975
1004,0.82372
1005,0.823237
1006,0.820477
1007,0.818945
1008,0.812836
1009,0.840152
1010,0.848373
1011,0.830822
1012,0.8281
1013,0.845025
1014,0.827711
1015,0.876467
1016,0.859428
1017,0.84641
1018,0.803227
1019,0.807927
1020,0.797088
1021,0.802553
1022,0.747522
1023,0.745369
1024,0.747563
1025,0.723086
1026,0.714488
1027,0.716948
1028,0.708311
1029,0.738317
1030,0.738655
1031,0.742744
1032,0.752901
1033,0.691306
1034,0.69996
1035,0.697835
1036,0.694106
1037,0.697613
1038,0.69729
1039,0.703702
1040,0.707809
1041,0.706654
1042,0.706715
1043,0.714929
1044,0.712806
1045,0.718467
1046,0.724765
1047,0.698676
1048,0.705696
1049,0.68789
1050,0.686801
1051,0.694592
1052,0.701615
1053,0.676933
1054,0.678599
1055,0.67505
1056,0.675205
1057,0.685575
1058,0.693509
1059,0.705733
1060,0.721376
1061,0.722891
1062,0.716405
1063,0.718878
1064,0.72641
1065,0.721062
1066,0.720171
1067,0.7194
1068,0.725139
1069,0.704255
1070,0.702029
1071,0.706852
1072,0.708486
1073,0.711293
1074,0.711038
1075,0.71794
1076,0.722519
1077,0.699485
1078,0.693066
1079,0.708712
1080,0.701019
1081,0.699632
1082,0.692505
1083,0.694749
1084,0.655125
1085,0.66452
1086,0.681249
1087,0.668341
1088,0.667434
1089,0.690652
1090,0.68857
1091,0.68504
1092,0.694141
1093,0.70488
1094,0.6937
1095,0.712279
1096,0.719097
1097,0.656785
1098,0.657055
1099,0.682937
1100,0.662754
1101,0.682556
1102,0.679119
1103,0.671078
1104,0.663915
1105,0.660227
1106,0.660211
1107,0.652691
1108,0.711789
1109,0.708862
1110,0.699309
1111,0.696355
1112,0.675453
1113,0.674815
1114,0.696195
1115,0.68141
1116,0.681102
1117,0.700045
1118,0.689767
1119,0.676904
1120,0.670515
1121,0.664739
1122,0.661527
1123,0.662369
1124,0.659927
1125,0.658435
1126,0.658472
1127,0.658406
1128,0.682887
1129,0.688138
1130,0.665117
1131,0.669905
1132,0.644282
1133,0.66014
1134,0.655054
1135,0.624334
1136,0.629882
1137,0.631679
1138,0.629227
1139,0.631084
1140,0.606785
1141,0.602744
1142,0.610683
1143,0.626993
1144,0.628388
1145,0.628546
1146,0.6294
1147,0.604826
1148,0.621361
1149,0.626996
1150,0.647405
1151,0.64911
1152,0.650677
1153,0.652162
1154,0.655487
1155,0.648673
1156,0.654535
1157,0.657342
1158,0.653435
1159,0.658324
1160,0.663359
1161,0.663358
1162,0.66113
1163,0.63159
1164,0.637305
1165,0.623177
1166,0.621639
1167,0.623329
1168,0.620636
1169,0.612079
1170,0.611745
1171,0.601517
1172,0.619024
1173,0.643235
1174,0.632722
1175,0.630989
1176,0.624871
1177,0.624847
1178,0.645931
1179,0.644985
1180,0.645036
1181,0.646067
1182,0.657538
1183,0.641255
1184,0.644213
1185,0.62985
1186,0.610272
1187,0.608763
1188,0.614456
1189,0.613502
1190,0.602082
1191,0.599719
1192,0.629704
1193,0.611489
1194,0.620494
1195,0.618362
1196,0.629966
1197,0.610343
1198,0.585994
1199,0.585585
1200,0.589959
1201,0.611463
1202,0.615573
1203,0.625265
1204,0.622152
1205,0.636233
1206,0.637838
1207,0.639518
1208,0.639606
1209,0.640702
1210,0.666171
1211,0.679228
1212,0.692109
1213,0.69915
1214,0.726741
1215,0.726926
1216,0.755807
1217,0.772322
1218,0.774087
1219,0.721995
1220,0.727729
1221,0.728006
1222,0.752007
1223,0.751039
1224,0.742994
1225,0.729779
1226,0.731932
1227,0.737099
1228,0.73669
1229,0.731777
1230,0.725125
1231,0.72361
1232,0.667435
1233,0.662062
1234,0.651047
1235,0.673835
1236,0.660098
1237,0.662897
1238,0.661491
1239,0.662239
1240,0.672714
1241,0.695694
1242,0.710216
1243,0.724539
1244,0.740606
1245,0.744334
1246,0.74893
1247,0.73397
1248,0.721991
1249,0.735728
1250,0.691612
1251,0.679561
1252,0.677122
1253,0.67627
1254,0.666149
1255,0.669301
1256,0.667785
1257,0.66114
1258,0.661729
1259,0.662217
1260,0.655604
1261,0.673372
1262,0.674139
1263,0.67607
1264,0.67731
1265,0.67722
1266,0.680933
1267,0.689605
1268,0.692069
1269,0.69639
1270,0.721883
1271,0.691905
1272,0.689206
1273,0.688597
1274,0.645801
1275,0.612896
1276,0.621805
1277,0.637697
1278,0.64186
1279,0.649649
1280,0.678359
1281,0.694566
1282,0.666238
1283,0.647294
1284,0.64965
1285,0.654862
1286,0.650196
1287,0.648542
1288,0.627697
1289,0.62998
1290,0.63399
1291,0.639755
1292,0.633334
1293,0.614904
1294,0.616945
1295,0.598309
1296,0.602276
1297,0.608612
1298,0.603737
1299,0.616447
1300,0.615128
1301,0.62482
1302,0.61058
1303,0.61539
1304,0.623629
1305,0.623497
1306,0.611103
1307,0.60801
1308,0.607551
1309,0.604352
1310,0.605766
1311,0.608125
1312,0.608291
1313,0.60484
1314,0.604212
1315,0.621052
1316,0.61953
1317,0.623368
1318,0.621931
1319,0.639588
1320,0.640087
1321,0.624706
1322,0.618164
1323,0.611137
1324,0.631105
1325,0.63754
1326,0.641882
1327,0.666125
1328,0.671271
1329,0.657847
1330,0.658213
1331,0.653391
1332,0.665459
1333,0.661337
1334,0.668152
1335,0.656365
1336,0.654638
1337,0.659424
1338,0.658811
1339,0.662438
1340,0.662269
1341,0.683906
1342,0.680284
1343,0.678475
1344,0.677266
1345,0.691125
1346,0.689282
1347,0.689413
1348,0.687764
1349,0.667043
1350,0.666998
1351,0.667621
1352,0.690199
1353,0.699897
1354,0.714911
1355,0.746516
1356,0.738419
1357,0.743795
1358,0.758089
1359,0.753634
1360,0.695316
1361,0.680292
1362,0.688044
1363,0.688151
1364,0.708763
1365,0.71554
1366,0.703118
1367,0.654974
1368,0.656075
1369,0.658509
1370,0.658474
1371,0.637587
1372,0.639707
1373,0.629171
1374,0.643639
1375,0.641273
1376,0.638091
1377,0.641774
1378,0.630671
1379,0.630227
1380,0.632446
1381,0.640551
1382,0.6562
1383,0.680073
1384,0.644604
1385,0.637368
1386,0.637772
1387,0.641983
1388,0.64091
1389,0.640441
1390,0.633156
1391,0.635215
1392,0.651707
1393,0.647044
1394,0.651375
1395,0.634618
1396,0.636855
1397,0.676382
1398,0.680719
1399,0.668561
1400,0.664638
1401,0.640536
1402,0.643514
1403,0.639223
1404,0.639436
1405,0.621566
1406,0.641383
1407,0.636319
1408,0.650176
1409,0.634422
1410,0.597295
1411,0.594784
1412,0.62598
1413,0.621006
1414,0.614363
1415,0.621828
1416,0.598795
1417,0.585054
1418,0.607142
1419,0.601774
1420,0.596457
1421,0.59991
1422,0.60869
1423,0.603353
1424,0.59968
1425,0.622307
1426,0.633188
1427,0.634594
1428,0.646154
1429,0.643834
1430,0.641947
1431,0.647815
1432,0.655381
1433,0.656586
1434,0.656766
1435,0.663726
1436,0.672569
1437,0.673773
1438,0.666942
1439,0.663066
1440,0.663389
1441,0.649566
1442,0.651871
1443,0.653297
1444,0.626484
1445,0.626364
1446,0.62648
1447,0.625572
1448,0.611728
1449,0.597143
1450,0.597825
1451,0.602218
1452,0.602302
1453,0.611828
1454,0.600987
1455,0.602478
1456,0.608674
1457,0.601626
1458,0.620707
1459,0.618799
1460,0.621266
1461,0.634112
1462,0.637137
1463,0.63409
1464,0.627061
1465,0.623668
1466,0.583478
1467,0.593748
1468,0.592437
1469,0.593177
1470,0.615573
1471,0.622531
1472,0.621428
1473,0.614656
1474,0.610464
1475,0.589934
1476,0.57663
1477,0.60007
1478,0.600017
1479,0.5897
1480,0.588675
1481,0.588597
1482,0.588732
1483,0.59186
1484,0.605087
1485,0.611691
1486,0.611752
1487,0.602556
1488,0.612096
1489,0.610562
1490,0.627168
1491,0.646021
1492,0.650897
1493,0.64574
1494,0.645877
1495,0.64591
1496,0.650292
1497,0.657653
1498,0.652235
1499,0.647421
1500,0.624641
1501,0.627647
1502,0.615743
1503,0.616123
1504,0.614612
1505,0.598923
1506,0.593689
1507,0.612556
1508,0.61751
1509,0.629768
1510,0.628334
1511,0.624722
1512,0.64535
1513,0.627084
1514,0.611734
1515,0.611294
1516,0.615443
1517,0.625809
1518,0.604639
1519,0.605314
1520,0.587147
1521,0.581288
1522,0.572654
1523,0.56288
1524,0.595109
1525,0.602621
1526,0.602188
1527,0.614542
1528,0.60887
1529,0.621254
1530,0.599394
1531,0.600251
1532,0.602846
1533,0.601908
1534,0.673569
1535,0.667273
1536,0.655145
1537,0.657452
1538,0.599742
1539,0.593097
1540,0.593096
1541,0.605345
1542,0.60796
1543,0.604643
1544,0.602229
1545,0.613848
1546,0.669787
1547,0.671595
1548,0.632947
1549,0.632541
1550,0.604511
1551,0.610578
1552,0.599426
1553,0.594054
1554,0.560746
1555,0.558447
1556,0.558454
1557,0.565343
1558,0.5642
1559,0.563793
1560,0.571307
1561,0.567406
1562,0.568577
1563,0.569683
1564,0.5715
1565,0.568585
1566,0.566449
1567,0.569084
1568,0.572096
1569,0.564201
1570,0.561221
1571,0.564581
1572,0.552824
1573,0.556223
1574,0.55917
1575,0.563309
1576,0.567335
1577,0.566964
1578,0.559491
1579,0.560368
1580,0.567151
1581,0.581331
1582,0.579692
1583,0.581509
1584,0.576565
1585,0.578174
1586,0.579225
1587,0.579012
1588,0.572812
1589,0.571083
1590,0.570305
1591,0.607111
1592,0.605112
1593,0.600507
1594,0.618623
1595,0.608501
1596,0.644511
1597,0.642947
1598,0.644443
1599,0.646064
1600,0.645881
1601,0.644789
1602,0.645128
1603,0.642034
1604,0.636467
1605,0.606439
1606,0.61791
1607,0.618636
1608,0.647309
1609,0.656445
1610,0.653981
1611,0.653968
1612,0.649766
1613,0.650701
1614,0.617787
1615,0.641188
1616,0.642955
1617,0.640825
1618,0.639786
1619,0.637146
1620,0.61985
1621,0.608834
1622,0.61136
1623,0.60594
1624,0.598704
1625,0.601785
1626,0.610033
1627,0.738494
1628,0.738424
1629,0.704049
1630,0.708455
1631,0.726337
1632,0.733006
1633,0.710976
1634,0.707232
1635,0.715638
1636,0.731163
1637,0.728695
1638,0.70883
1639,0.691946
1640,0.666571
1641,0.677326
1642,0.674392
1643,0.651595
1644,0.65302
1645,0.653477
1646,0.653546
1647,0.658819
1648,0.652107
1649,0.64231
1650,0.635551
1651,0.635338
1652,0.623318
1653,0.62291
1654,0.625214
1655,0.627945
1656,0.62946
1657,0.671736
1658,0.717237
1659,0.681222
1660,0.674705
1661,0.664015
1662,0.638029
1663,0.638061
1664,0.633886
1665,0.632065
1666,0.653213
1667,0.659736
1668,0.659103
1669,0.659681
1670,0.658676
1671,0.658364
1672,0.659102
1673,0.674218
1674,0.68988
1675,0.695125
1676,0.667899
1677,0.667168
1678,0.668019
1679,0.671853
1680,0.664881
1681,0.68624
1682,0.747643
1683,0.753685
1684,0.770913
1685,0.76458
1686,0.751929
1687,0.756916
1688,0.761127
1689,0.766137
1690,0.739492
1691,0.728839
1692,0.687325
1693,0.651633
1694,0.652014
1695,0.66397
1696,0.676303
1697,0.687842
1698,0.657275
1699,0.629073
1700,0.617177
1701,0.612373
1702,0.605886
1703,0.60737
1704,0.632137
1705,0.632283
1706,0.62856
1707,0.629814
1708,0.629908
1709,0.647779
1710,0.654396
1711,0.649498
1712,0.651603
1713,0.654171
1714,0.619438
1715,0.627575
1716,0.64308
1717,0.645941
1718,0.646106
1719,0.647035
1720,0.649447
1721,0.641223
1722,0.639609
1723,0.618733
1724,0.59383
1725,0.597178
1726,0.595241
1727,0.608299
1728,0.592131
1729,0.597701
1730,0.59783
1731,0.580569
1732,0.579521
1733,0.58065
1734,0.579035
1735,0.574636
1736,0.574065
1737,0.577866
1738,0.562971
1739,0.562459
1740,0.56847
1741,0.569178
1742,0.573243
1743,0.588073
1744,0.584352
1745,0.601747
1746,0.600629
1747,0.633739
1748,0.607366
1749,0.608263
1750,0.607652
1751,0.607285
1752,0.605634
1753,0.623409
1754,0.616875
1755,0.61597
1756,0.615331
1757,0.616075
1758,0.611018
1759,0.618001
1760,0.611557
1761,0.612711
1762,0.60031
1763,0.596195
1764,0.599614
1765,0.62059
1766,0.626515
1767,0.627236
1768,0.620391
1769,0.661423
1770,0.662403
1771,0.662483
1772,0.672973
1773,0.681079
1774,0.671144
1775,0.66703
1776,0.627615
1777,0.591529
1778,0.604399
1779,0.618146
1780,0.636774
1781,0.630084
1782,0.616198
1783,0.601313
1784,0.598167
1785,0.59855
1786,0.602411
1787,0.615386
1788,0.633421
1789,0.632653
1790,0.623648
1791,0.659894
1792,0.657276
1793,0.644633
1794,0.607849
1795,0.612077
1796,0.609572
1797,0.609244
1798,0.602894
1799,0.595691
1800,0.600048
1801,0.584382
1802,0.592368
1803,0.592071
1804,0.59042
1805,0.606861
1806,0.616765
1807,0.610515
1808,0.61775
1809,0.63016
1810,0.631216
1811,0.637882
1812,0.61028
1813,0.600367
1814,0.603207
1815,0.609956
1816,0.628036
1817,0.620918
1818,0.620736
1819,0.62519
1820,0.628925
1821,0.619522
1822,0.653511
1823,0.654336
1824,0.654668
1825,0.662625
1826,0.662051
1827,0.66253
1828,0.63278
1829,0.661454
1830,0.668826
1831,0.654262
1832,0.676396
1833,0.671611
1834,0.671235
1835,0.622528
1836,0.616071
1837,0.613751
1838,0.613232
1839,0.613163
1840,0.611416
1841,0.589699
1842,0.590087
1843,0.610544
1844,0.633538
1845,0.636459
1846,0.627624
1847,0.614883
1848,0.627159
1849,0.633498
1850,0.649081
1851,0.683614
1852,0.709159
1853,0.712846
1854,0.686195
1855,0.686606
1856,0.672318
1857,0.679664
1858,0.697471
1859,0.69824
1860,0.70476
1861,0.681528
1862,0.670931
1863,0.650621
1864,0.643067
1865,0.645024
1866,0.649194
1867,0.653117
1868,0.648292
1869,0.64121
1870,0.653314
1871,0.648624
1872,0.650561
1873,0.626974
1874,0.636357
1875,0.621255
1876,0.606994
1877,0.591535
1878,0.596188
1879,0.5954
1880,0.569901
1881,0.571732
1882,0.584081
1883,0.608026
1884,0.609506
1885,0.608668
1886,0.610606
1887,0.599675
1888,0.603679
1889,0.605292
1890,0.611481
1891,0.608522
1892,0.64078
1893,0.641501
1894,0.64374
1895,0.642597
1896,0.646854
1897,0.653107
1898,0.652718
1899,0.626773
1900,0.615661
1901,0.628171
1902,0.599412
1903,0.597748
1904,0.616814
1905,0.590867
1906,0.60648
1907,0.589466
1908,0.590963
1909,0.60152
1910,0.599136
1911,0.57522
1912,0.575838
1913,0.577113
1914,0.579362
1915,0.579655
1916,0.579772
1917,0.576308
1918,0.579323
1919,0.599201
1920,0.610266
1921,0.60875
1922,0.608709
1923,0.603079
1924,0.601678
1925,0.601712
1926,0.602628
1927,0.602427
1928,0.628705
1929,0.628247
1930,0.626934
1931,0.609192
1932,0.612406
1933,0.611679
1934,0.609667
1935,0.590194
1936,0.594365
1937,0.596115
1938,0.600184
1939,0.600187
1940,0.602186
1941,0.599444
1942,0.58316
1943,0.604823
1944,0.607818
1945,0.609074
1946,0.614677
1947,0.615103
1948,0.614974
1949,0.618895
1950,0.626182
1951,0.622317
1952,0.6243
1953,0.591233
1954,0.592436
1955,0.58514
1956,0.575759
1957,0.582181
1958,0.573832
1959,0.577627
1960,0.57849
1961,0.576046
1962,0.593131
1963,0.588828
1964,0.593146
1965,0.595638
1966,0.594221
1967,0.579787
1968,0.570269
1969,0.598895
1970,0.594291
1971,0.584822
1972,0.591573
1973,0.592372
1974,0.588448
1975,0.612892
1976,0.598692
1977,0.599025
1978,0.572127
1979,0.57225
1980,0.572383
1981,0.567618
1982,0.585901
1983,0.583326
1984,0.58475
1985,0.583136
1986,0.57701
1987,0.597756
1988,0.619699
1989,0.613808
1990,0.619575
1991,0.623571
1992,0.638123
1993,0.641405
1994,0.629591
1995,0.632479
1996,0.620171
1997,0.620533
1998,0.596147
1999,0.60072
2000,0.601486
2001,0.599356
2002,0.587267
2003,0.587524
2004,0.590098
2005,0.586153
2006,0.579927
2007,0.563443
2008,0.563468
2009,0.55953
2010,0.571733
2011,0.590646
2012,0.599393
2013,0.601367
2014,0.601609
2015,0.581269
2016,0.583591
2017,0.586338
2018,0.560176
2019,0.5576
2020,0.561949
2021,0.576696
2022,0.58262
2023,0.582165
2024,0.587858
2025,0.58552
2026,0.578348
2027,0.567791
2028,0.572278
2029,0.573025
2030,0.5721
2031,0.58213
2032,0.581226
2033,0.598349
2034,0.607113
2035,0.613685
2036,0.617244
2037,0.627224
2038,0.639817
2039,0.64545
2040,0.640786
2041,0.650734
2042,0.642624
2043,0.634165
2044,0.594495
2045,0.59493
2046,0.57728
2047,0.578202
2048,0.594769
2049,0.59447
2050,0.601511
2051,0.609371
2052,0.607127
2053,0.607411
2054,0.632573
2055,0.618681
2056,0.576348
2057,0.561104
2058,0.549578
2059,0.554951
2060,0.559828
2061,0.547348
2062,0.579559
2063,0.583307
2064,0.589867
2065,0.585021
2066,0.63297
2067,0.630731
2068,0.626399
2069,0.623756
2070,0.628081
2071,0.634586
2072,0.665102
2073,0.672488
2074,0.673788
2075,0.664272
2076,0.622953
2077,0.625599
2078,0.631408
2079,0.618587
2080,0.616439
2081,0.610043
2082,0.624269
2083,0.622344
2084,0.620515
2085,0.635488
2086,0.636541
2087,0.642768
2088,0.623614
2089,0.647537
2090,0.632901
2091,0.64896
2092,0.649431
2093,0.647427
2094,0.659833
2095,0.686901
2096,0.685286
2097,0.686234
2098,0.699144
2099,0.699206
2100,0.707155
2101,0.662305
2102,0.664636
2103,0.653325
2104,0.652371
2105,0.646911
2106,0.64131
2107,0.632329
2108,0.626065
2109,0.625186
2110,0.61274
2111,0.621306
2112,0.6026
2113,0.634985
2114,0.591217
2115,0.569098
2116,0.573195
2117,0.570023
2118,0.563667
2119,0.570347
2120,0.588936
2121,0.597016
2122,0.584017
2123,0.568034
2124,0.56744
2125,0.572108
2126,0.578466
2127,0.559547
2128,0.543135
2129,0.551547
2130,0.553889
2131,0.57815
2132,0.567067
2133,0.570723
2134,0.575621
2135,0.613269
2136,0.618107
2137,0.680867
2138,0.682184
2139,0.66109
2140,0.669974
2141,0.664608
2142,0.667072
2143,0.663281
2144,0.71975
2145,0.664806
2146,0.666327
2147,0.661826
2148,0.660695
2149,0.660367
2150,0.606293
2151,0.613891
2152,0.597202
2153,0.624675
2154,0.634647
2155,0.6358
2156,0.641199
2157,0.634376
2158,0.623492
2159,0.607387
2160,0.606259
2161,0.612791
2162,0.619212
2163,0.60514
2164,0.626434
2165,0.627034
2166,0.637225
2167,0.631503
2168,0.647155
2169,0.641797
2170,0.610806
2171,0.607768
2172,0.608275
2173,0.60937
2174,0.613075
2175,0.676149
2176,0.705787
2177,0.708622
2178,0.675996
2179,0.677872
2180,0.677228
2181,0.658566
2182,0.664692
2183,0.643448
2184,0.637781
2185,0.616096
2186,0.615231
2187,0.610505
2188,0.619878
2189,0.61552
2190,0.61554
2191,0.613931
2192,0.613926
2193,0.597463
2194,0.584796
2195,0.583563
2196,0.580136
2197,0.567805
2198,0.5541
2199,0.576305
2200,0.577428
2201,0.57742
2202,0.575529
2203,0.575065
2204,0.574837
2205,0.582651
2206,0.579321
2207,0.582442
2208,0.586706
2209,0.586966
2210,0.5908
2211,0.608893
2212,0.602881
2213,0.601157
2214,0.599917
2215,0.593799
2216,0.595216
2217,0.598682
2218,0.60744
2219,0.612106
2220,0.595382
2221,0.596399
2222,0.582068
2223,0.57989
2224,0.591957
2225,0.606168
2226,0.5828
2227,0.582183
2228,0.580341
2229,0.578816
2230,0.576165
2231,0.582302
2232,0.572844
2233,0.572816
2234,0.570413
2235,0.580128
2236,0.577459
2237,0.576799
2238,0.598022
2239,0.571663
2240,0.593818
2241,0.610714
2242,0.581821
2243,0.577314
2244,0.584069
2245,0.580512
2246,0.576085
2247,0.576408
2248,0.577658
2249,0.57586
2250,0.57008
2251,0.570201
2252,0.572768
2253,0.569789
2254,0.578742
2255,0.568394
2256,0.56796
2257,0.566569
2258,0.568242
2259,0.565425
2260,0.579681
2261,0.588319
2262,0.585872
2263,0.579659
2264,0.579936
2265,0.57916
2266,0.57626
2267,0.573345
2268,0.574156
2269,0.573384
2270,0.57313
2271,0.571801
2272,0.571044
2273,0.57643
2274,0.583794
2275,0.586878
2276,0.588088
2277,0.593821
2278,0.590511
2279,0.592935
2280,0.603746
2281,0.593201
2282,0.601506
2283,0.598773
2284,0.611837
2285,0.583231
2286,0.605502
2287,0.604925
2288,0.608142
2289,0.623687
2290,0.606551
2291,0.600407
2292,0.593536
2293,0.609654
2294,0.624668
2295,0.622092
2296,0.596373
2297,0.580672
2298,0.581545
2299,0.587702
2300,0.596786
2301,0.596012
2302,0.58421
2303,0.578438
2304,0.59132
2305,0.59558
2306,0.570372
2307,0.568813
2308,0.56124
2309,0.567244
2310,0.569165
2311,0.556411
2312,0.600774
2313,0.602406
2314,0.605288
2315,0.605374
2316,0.566282
2317,0.565327
2318,0.570078
2319,0.571149
2320,0.576957
2321,0.575552
2322,0.565937
2323,0.562791
2324,0.562816
2325,0.56106
2326,0.564739
2327,0.562609
2328,0.55562
2329,0.558238
2330,0.579152
2331,0.580651
2332,0.556774
2333,0.568034
2334,0.584055
2335,0.563784
2336,0.579493
2337,0.586788
2338,0.592743
2339,0.58814
2340,0.620364
2341,0.606587
2342,0.604377
2343,0.604661
2344,0.604859
2345,0.602773
2346,0.593625
2347,0.588795
2348,0.601157
2349,0.600394
2350,0.588025
2351,0.615025
2352,0.616271
2353,0.604689
2354,0.588127
2355,0.578951
2356,0.563344
2357,0.570236
2358,0.570758
2359,0.57199
2360,0.566249
2361,0.558871
2362,0.554138
2363,0.552342
2364,0.551355
2365,0.548692
2366,0.550001
2367,0.550295
2368,0.565726
2369,0.559326
2370,0.561096
2371,0.563809
2372,0.557319
2373,0.566799
2374,0.567158
2375,0.561432
2376,0.572039
2377,0.573998
2378,0.571232
2379,0.579547
2380,0.580275
2381,0.573224
2382,0.573568
2383,0.563632
2384,0.545567
2385,0.540156
2386,0.529674
2387,0.543045
2388,0.560577
2389,0.561138
2390,0.56212
2391,0.563117
2392,0.569469
2393,0.5684
2394,0.575387
2395,0.56419
2396,0.555976
2397,0.556481
2398,0.560704
2399,0.561535
2400,0.548316
2401,0.548185
2402,0.548404
2403,0.548899
2404,0.554418
2405,0.563587
2406,0.558754
2407,0.556232
2408,0.570745
2409,0.567331
2410,0.567487
2411,0.568779
2412,0.568842
2413,0.56908
2414,0.573748
2415,0.573399
2416,0.575892
2417,0.581482
2418,0.570628
2419,0.58835
2420,0.619906
2421,0.592509
2422,0.590685
2423,0.588235
2424,0.578711
2425,0.591713
2426,0.615268
2427,0.613109
2428,0.613599
2429,0.622309
2430,0.633958
2431,0.617992
2432,0.572492
2433,0.580567
2434,0.571395
2435,0.556393
2436,0.564725
2437,0.572054
2438,0.569258
2439,0.571646
2440,0.577794
2441,0.57885
2442,0.576075
2443,0.583848
2444,0.590728
2445,0.589499
2446,0.590276
2447,0.574975
2448,0.554188
2449,0.54758
2450,0.546293
2451,0.546376
2452,0.549424
2453,0.548486
2454,0.57517
2455,0.564193
2456,0.564564
2457,0.567093
2458,0.565834
2459,0.564097
2460,0.582849
2461,0.580764
2462,0.563939
2463,0.557455
2464,0.556583
2465,0.574023
2466,0.576932
2467,0.563678
2468,0.547645
2469,0.547917
2470,0.551858
2471,0.537221
2472,0.536461
2473,0.535208
2474,0.536163
2475,0.538291
2476,0.536363
2477,0.535554
2478,0.535014
2479,0.537339
2480,0.537533
2481,0.5408
2482,0.551155
2483,0.559286
2484,0.560124
2485,0.562827
2486,0.563177
2487,0.561213
2488,0.558984
2489,0.558717
2490,0.552974
2491,0.553984
2492,0.554327
2493,0.562202
2494,0.566441
2495,0.562395
2496,0.558907
2497,0.577022
2498,0.578009
2499,0.571097
2500,0.5796
2501,0.572626
2502,0.564262
2503,0.563741
2504,0.561271
2505,0.556007
2506,0.56039
2507,0.568691
2508,0.566293
2509,0.563979
2510,0.572907
2511,0.571285
2512,0.564613
2513,0.571943
2514,0.577114
2515,0.560941
2516,0.560896
2517,0.564951
2518,0.580531
2519,0.583381
2520,0.575894
2521,0.573234
2522,0.577198
2523,0.559138
2524,0.547896
2525,0.559302
2526,0.587551
2527,0.568174
2528,0.563208
2529,0.579057
2530,0.629583
2531,0.634079
2532,0.647039
2533,0.74687
2534,0.744002
2535,0.742806
2536,0.744199
2537,0.637081
2538,0.609502
2539,0.613926
2540,0.609381
2541,0.582537
2542,0.573673
2543,0.552199
2544,0.563666
2545,0.568368
2546,0.571091
2547,0.573462
2548,0.573467
2549,0.580302
2550,0.583194
2551,0.586517
2552,0.580709
2553,0.58076
2554,0.580876
2555,0.581038
2556,0.580174
2557,0.604141
2558,0.59109
2559,0.589147
2560,0.5952
2561,0.595094
2562,0.591572
2563,0.591974
2564,0.587305
2565,0.593162
2566,0.585557
2567,0.584767
2568,0.571977
2569,0.572392
2570,0.565798
2571,0.587097
2572,0.581795
2573,0.576511
2574,0.574016
2575,0.572884
2576,0.570552
2577,0.569474
2578,0.585912
2579,0.593085
2580,0.5946
2581,0.598481
2582,0.598499
2583,0.588536
2584,0.588765
2585,0.587745
2586,0.59428
2587,0.609362
2588,0.609102
2589,0.610384
2590,0.602047
2591,0.601546
2592,0.579591
2593,0.572653
2594,0.573066
2595,0.610436
2596,0.586459
2597,0.62589
2598,0.631533
2599,0.641519
2600,0.61692
2601,0.616299
2602,0.625991
2603,0.625361
2604,0.59052
2605,0.611322
2606,0.615186
2607,0.652345
2608,0.674806
2609,0.676156
2610,0.668558
2611,0.595641
2612,0.592602
2613,0.667246
2614,0.631504
2615,0.624251
2616,0.627645
2617,0.625582
2618,0.633346
2619,0.624891
2620,0.621784
2621,0.624038
2622,0.620367
2623,0.618923
2624,0.641255
2625,0.612184
2626,0.604595
2627,0.618331
2628,0.620582
2629,0.623874
2630,0.615048
2631,0.596507
2632,0.594124
2633,0.584275
2634,0.580127
2635,0.606574
2636,0.60799
2637,0.611368
2638,0.616085
2639,0.610883
2640,0.6108
2641,0.608589
2642,0.5997
2643,0.593662
2644,0.586699
2645,0.586353
2646,0.595258
2647,0.600397
2648,0.619992
2649,0.619838
2650,0.618695
2651,0.622981
2652,0.627159
2653,0.601608
2654,0.604383
2655,0.586796
2656,0.588094
2657,0.590477
2658,0.583648
2659,0.602082
2660,0.5742
2661,0.57847
2662,0.580831
2663,0.590741
2664,0.586117
2665,0.584724
2666,0.604282
2667,0.609087
2668,0.604263
2669,0.601327
2670,0.603291
2671,0.581636
2672,0.668731
2673,0.672414
2674,0.63819
2675,0.637697
2676,0.636671
2677,0.63622
2678,0.645928
2679,0.646557
2680,0.573653
2681,0.634987
2682,0.615526
2683,0.608822
2684,0.613954
2685,0.589383
2686,0.598274
2687,0.596803
2688,0.588751
2689,0.551205
2690,0.556825
2691,0.553666
2692,0.57523
2693,0.561947
2694,0.560839
2695,0.56549
2696,0.561498
2697,0.554511
2698,0.554855
2699,0.550797
2700,0.551067
2701,0.555775
2702,0.555572
2703,0.575762
2704,0.582861
2705,0.605887
2706,0.611492
2707,0.599562
2708,0.599063
2709,0.617594
2710,0.61815
2711,0.651735
2712,0.649019
2713,0.634273
2714,0.628486
2715,0.648023
2716,0.666732
2717,0.622509
2718,0.583526
2719,0.562263
2720,0.553016
2721,0.588637
2722,0.609167
2723,0.606941
2724,0.600392
2725,0.594276
2726,0.599268
2727,0.59118
2728,0.588956
2729,0.588471
2730,0.574818
2731,0.57306
2732,0.579455
2733,0.569672
2734,0.591631
2735,0.616068
2736,0.618175
2737,0.614568
2738,0.652665
2739,0.673833
2740,0.663499
2741,0.603749
2742,0.61618
2743,0.603476
2744,0.63956
2745,0.660364
2746,0.651291
2747,0.65476
2748,0.65255
2749,0.649722
2750,0.651986
2751,0.664267
2752,0.663999
2753,0.660812
2754,0.64918
2755,0.652721
2756,0.630086
2757,0.633474
2758,0.603699
2759,0.593821
2760,0.594026
2761,0.60106
2762,0.592939
2763,0.595818
2764,0.594569
2765,0.60639
2766,0.579802
2767,0.576163
2768,0.566065
2769,0.591128
2770,0.600583
2771,0.610458
2772,0.60429
2773,0.578025
2774,0.558218
2775,0.570105
2776,0.552065
2777,0.564015
2778,0.563817
2779,0.593006
2780,0.594033
2781,0.569988
2782,0.577861
2783,0.577014
2784,0.576806
2785,0.572897
2786,0.564156
2787,0.564198
2788,0.564162
2789,0.56862
2790,0.568945
2791,0.571943
2792,0.571785
2793,0.581991
2794,0.579004
2795,0.576178
2796,0.574394
2797,0.576993
2798,0.633894
2799,0.639353
2800,0.635613
2801,0.635674
2802,0.647926
2803,0.630495
2804,0.630439
2805,0.636257
2806,0.638037
2807,0.645988
2808,0.624636
2809,0.636589
2810,0.600782
2811,0.596729
2812,0.615122
2813,0.629592
2814,0.62316
2815,0.626702
2816,0.633096
2817,0.636424
2818,0.643261
2819,0.637217
2820,0.637149
2821,0.645779
2822,0.624174
2823,0.605559
2824,0.60231
2825,0.604564
2826,0.610525
2827,0.610453
2828,0.600977
2829,0.599698
2830,0.597552
2831,0.606864
2832,0.597574
2833,0.605476
2834,0.605872
2835,0.602245
2836,0.61456
2837,0.613768
2838,0.616559
2839,0.606751
2840,0.592231
2841,0.572892
2842,0.547096
2843,0.546059
2844,0.54596
2845,0.546317
2846,0.546137
2847,0.553104
2848,0.572776
2849,0.572867
2850,0.568803
2851,0.568987
2852,0.569842
2853,0.569398
2854,0.564291
2855,0.556478
2856,0.621759
2857,0.620644
2858,0.627546
2859,0.599592
2860,0.575664
2861,0.529835
2862,0.538297
2863,0.541663
2864,0.559209
2865,0.54195
2866,0.561182
2867,0.561392
2868,0.56081
2869,0.561538
2870,0.563836
2871,0.563795
2872,0.563996
2873,0.559878
2874,0.563033
2875,0.55262
2876,0.557023
2877,0.595844
2878,0.598442
2879,0.604038
2880,0.596283
2881,0.598036
2882,0.603564
2883,0.597488
2884,0.596504
2885,0.613183
2886,0.614043
2887,0.616755
2888,0.632018
2889,0.658367
2890,0.63473
2891,0.623425
2892,0.626673
2893,0.618653
2894,0.622143
2895,0.617532
2896,0.645994
2897,0.641915
2898,0.654126
2899,0.603182
2900,0.597626
2901,0.598984
2902,0.583645
2903,0.584172
2904,0.582529
2905,0.584826
2906,0.584181
2907,0.584434
2908,0.586704
2909,0.586797
2910,0.578761
2911,0.580089
2912,0.580612
2913,0.58012
2914,0.579634
2915,0.572345
2916,0.566306
2917,0.564796
2918,0.574799
2919,0.576256
2920,0.578667
2921,0.589047
2922,0.599751
2923,0.600708
2924,0.601403
2925,0.614132
2926,0.629475
2927,0.60432
2928,0.574701
2929,0.597772
2930,0.591343
2931,0.5858
2932,0.580555
2933,0.580509
2934,0.582113
2935,0.579813
2936,0.585535
2937,0.5814
2938,0.583277
2939,0.583394
2940,0.573951
2941,0.574982
2942,0.575873
2943,0.576267
2944,0.596892
2945,0.583859
2946,0.603593
2947,0.601363
2948,0.61321
2949,0.605226
2950,0.58383
2951,0.578543
2952,0.579278
2953,0.58231
2954,0.583805
2955,0.567858
2956,0.580938
2957,0.581121
2958,0.579122
2959,0.569747
2960,0.555878
2961,0.559182
2962,0.568191
2963,0.565397
2964,0.561672
2965,0.572157
2966,0.556148
2967,0.546664
2968,0.547557
2969,0.583819
2970,0.580581
2971,0.584862
2972,0.586112
2973,0.59853
2974,0.580083
2975,0.592044
2976,0.592681
2977,0.596648
2978,0.601902
2979,0.602726
2980,0.60843
2981,0.633797
2982,0.6324
2983,0.623992
2984,0.622352
2985,0.622777
2986,0.620225
2987,0.626206
2988,0.628805
2989,0.607492
2990,0.604565
2991,0.61576
2992,0.614412
2993,0.607822
2994,0.606485
2995,0.590656
2996,0.589654
2997,0.575193
2998,0.570685
2999,0.573693
3000,0.573875
3001,0.580054
3002,0.580018
3003,0.590703
3004,0.592919
3005,0.598642
3006,0.608793
3007,0.619169
3008,0.617002
3009,0.640152
3010,0.649049
3011,0.645184
3012,0.658116
3013,0.633529
3014,0.654692
3015,0.587516
3016,0.586668
3017,0.60668
3018,0.60053
3019,0.605189
3020,0.604999
3021,0.614263
3022,0.62329
3023,0.624653
3024,0.626391
3025,0.623733
3026,0.615457
3027,0.625339
3028,0.628482
3029,0.652828
3030,0.643906
3031,0.64077
3032,0.640778
3033,0.637234
3034,0.629492
3035,0.616653
3036,0.618068
3037,0.620934
3038,0.612486
3039,0.596352
3040,0.586027
3041,0.580739
3042,0.591861
3043,0.601504
3044,0.601915
3045,0.573587
3046,0.562779
3047,0.549388
3048,0.54019
3049,0.539936
3050,0.536194
3051,0.542515
3052,0.542902
3053,0.532419
3054,0.535542
3055,0.537549
3056,0.542403
3057,0.547653
3058,0.545114
3059,0.54287
3060,0.546891
3061,0.54888
3062,0.544946
3063,0.544164
3064,0.541289
3065,0.539537
3066,0.533108
3067,0.544175
3068,0.544967
3069,0.553637
3070,0.552796
3071,0.552381
3072,0.577883
3073,0.574904
3074,0.583278
3075,0.604327
3076,0.606511
3077,0.583591
3078,0.580473
3079,0.591599
3080,0.57959
3081,0.572738
3082,0.569084
3083,0.569599
3084,0.545089
3085,0.54365
3086,0.570261
3087,0.583684
3088,0.605725
3089,0.607272
3090,0.58144
3091,0.592483
3092,0.593569
3093,0.604786
3094,0.605404
3095,0.603513
3096,0.586131
3097,0.585943
3098,0.585607
3099,0.58573
3100,0.588826
3101,0.588837
3102,0.590363
3103,0.571752
3104,0.571726
3105,0.579153
3106,0.588275
3107,0.591993
3108,0.592506
3109,0.601482
3110,0.594982
3111,0.595105
3112,0.595874
3113,0.587272
3114,0.584875
3115,0.581006
3116,0.573359
3117,0.575524
3118,0.575423
3119,0.573985
3120,0.575103
3121,0.573671
3122,0.581266
3123,0.594686
3124,0.594625
3125,0.592773
3126,0.556494
3127,0.543642
3128,0.538752
3129,0.541457
3130,0.5426
3131,0.541427
3132,0.554112
3133,0.5516
3134,0.552881
3135,0.541888
3136,0.550463
3137,0.553605
3138,0.557746
3139,0.542532
3140,0.542599
3141,0.539975
3142,0.544157
3143,0.543102
3144,0.544028
3145,0.543358
3146,0.546034
3147,0.546822
3148,0.55148
3149,0.563764
3150,0.567066
3151,0.570394
3152,0.556079
3153,0.555546
3154,0.546168
3155,0.540606
3156,0.553207
3157,0.534902
3158,0.543058
3159,0.551953
3160,0.552362
3161,0.555599
3162,0.550823
3163,0.54983
3164,0.548117
3165,0.548137
3166,0.553292
3167,0.553325
3168,0.544516
3169,0.535722
3170,0.542019
3171,0.540617
3172,0.534221
3173,0.534946
3174,0.531473
3175,0.54637
3176,0.544393
3177,0.534141
3178,0.543166
3179,0.549929
3180,0.551738
3181,0.551747
3182,0.542053
3183,0.545972
3184,0.570091
3185,0.564569
3186,0.560648
3187,0.559979
3188,0.591757
3189,0.591688
3190,0.595062
3191,0.597174
3192,0.602325
3193,0.616078
3194,0.607106
3195,0.605613
3196,0.6001
3197,0.595173
3198,0.596725
3199,0.594416
3200,0.581597
3201,0.568113
3202,0.555952
3203,0.55609
3204,0.557748
3205,0.569689
3206,0.587057
3207,0.578527
3208,0.579899
3209,0.591246
3210,0.57748
3211,0.579179
3212,0.578714
3213,0.575863
3214,0.571427
3215,0.583176
3216,0.614559
3217,0.615356
3218,0.655044
3219,0.645725
3220,0.616044
3221,0.610085
3222,0.618912
3223,0.584577
3224,0.601969
3225,0.599438
3226,0.60859
3227,0.61709
3228,0.615583
3229,0.628933
3230,0.627012
3231,0.644047
3232,0.645012
3233,0.65589
3234,0.644032
3235,0.65237
3236,0.657906
3237,0.684514
3238,0.695876
3239,0.70514
3240,0.697961
3241,0.713718
3242,0.70541
3243,0.71101
3244,0.707715
3245,0.715751
3246,0.775599
3247,0.76907
3248,0.775502
3249,0.776334
3250,0.768772
3251,0.735601
3252,0.77557
3253,0.769244
3254,0.75868
3255,0.75982
3256,0.762626
3257,0.772018
3258,0.75671
3259,0.749396
3260,0.706784
3261,0.696396
3262,0.71694
3263,0.712945
3264,0.687216
3265,0.631027
3266,0.628746
3267,0.664758
3268,0.685766
3269,0.661281
3270,0.66975
3271,0.671961
3272,0.654163
3273,0.621651
3274,0.628682
3275,0.616935
3276,0.586749
3277,0.57567
3278,0.571321
3279,0.572275
3280,0.576406
3281,0.562044
3282,0.557534
3283,0.558019
3284,0.566063
3285,0.575241
3286,0.573932
3287,0.576421
3288,0.59189
3289,0.579032
3290,0.590004
3291,0.58979
3292,0.591043
3293,0.594142
3294,0.576525
3295,0.576509
3296,0.58074
3297,0.549854
3298,0.561995
3299,0.563847
3300,0.56247
3301,0.546777
3302,0.551582
3303,0.550672
3304,0.552301
3305,0.536589
3306,0.539151
3307,0.566503
3308,0.568361
3309,0.562501
3310,0.568329
3311,0.572591
3312,0.570904
3313,0.570855
3314,0.569463
3315,0.565283
3316,0.580453
3317,0.585314
3318,0.587247
3319,0.587163
3320,0.593688
3321,0.597395
3322,0.607192
3323,0.603473
3324,0.605096
3325,0.618525
3326,0.628978
3327,0.64751
3328,0.672717
3329,0.661965
3330,0.670206
3331,0.646078
3332,0.673966
3333,0.683514
3334,0.683555
3335,0.628803
3336,0.680482
3337,0.584055
3338,0.626038
3339,0.621268
3340,0.628493
3341,0.638357
3342,0.634626
3343,0.634424
3344,0.60821
3345,0.61533
3346,0.624052
3347,0.633009
3348,0.643375
3349,0.63589
3350,0.610826
3351,0.61155
3352,0.620074
3353,0.629934
3354,0.618572
3355,0.601326
3356,0.601198
3357,0.605559
3358,0.608233
3359,0.622726
3360,0.631569
3361,0.591486
3362,0.575201
3363,0.576433
3364,0.618212
3365,0.607811
3366,0.589588
3367,0.587538
3368,0.58614
3369,0.582224
3370,0.587636
3371,0.565977
3372,0.575874
3373,0.575845
3374,0.575532
3375,0.577896
3376,0.573895
3377,0.571727
3378,0.571472
3379,0.570801
3380,0.575755
3381,0.595203
3382,0.592462
3383,0.589673
3384,0.5777
3385,0.557015
3386,0.553096
3387,0.5555
3388,0.569184
3389,0.582114
3390,0.609752
3391,0.602543
3392,0.6028
3393,0.599062
3394,0.591618
3395,0.603266
3396,0.609069
3397,0.60598
3398,0.599579
3399,0.599748
3400,0.596824
3401,0.596734
3402,0.60368
3403,0.58909
3404,0.609718
3405,0.610046
3406,0.609589
3407,0.610019
3408,0.610358
3409,0.619492
3410,0.605914
3411,0.610331
3412,0.638773
3413,0.651844
3414,0.651922
3415,0.652333
3416,0.652851
3417,0.657871
3418,0.659219
3419,0.65962
3420,0.668877
3421,0.673931
3422,0.68215
3423,0.691574
3424,0.697248
3425,0.697007
3426,0.697963
3427,0.692352
3428,0.692246
3429,0.67007
3430,0.671978
3431,0.686896
3432,0.676827
3433,0.672042
3434,0.657168
3435,0.663303
3436,0.656995
3437,0.640052
3438,0.629202
3439,0.628876
3440,0.633916
3441,0.647136
3442,0.644082
3443,0.652756
3444,0.667148
3445,0.661412
3446,0.654914
3447,0.676932
3448,0.67611
3449,0.675999
3450,0.654447
3451,0.656166
3452,0.654785
3453,0.649092
3454,0.657871
3455,0.64465
3456,0.645671
3457,0.645321
3458,0.642345
3459,0.653329
3460,0.63889
3461,0.636193
3462,0.646525
3463,0.650776
3464,0.619519
3465,0.613787
3466,0.597811
3467,0.60758
3468,0.606715
3469,0.613557
3470,0.613422
3471,0.61064
3472,0.612108
3473,0.627964
3474,0.628699
3475,0.617642
3476,0.620478
3477,0.611755
3478,0.615557
3479,0.632019
3480,0.628547
3481,0.661947
3482,0.637062
3483,0.638263
3484,0.594895
3485,0.594688
3486,0.653899
3487,0.650637
3488,0.638301
3489,0.642805
3490,0.612906
3491,0.561361
3492,0.571821
3493,0.57479
3494,0.547549
3495,0.545133
3496,0.556545
3497,0.560109
3498,0.571656
3499,0.569789
3500,0.58221
3501,0.567407
3502,0.565497
3503,0.567735
3504,0.566556
3505,0.5694
3506,0.569436
3507,0.567773
3508,0.574226
3509,0.574033
3510,0.565676
3511,0.544222
3512,0.550213
3513,0.55173
3514,0.583372
3515,0.583496
3516,0.579034
3517,0.590681
3518,0.589736
3519,0.581926
3520,0.579686
3521,0.569203
3522,0.581786
3523,0.60858
3524,0.600397
3525,0.612086
3526,0.616879
3527,0.621775
3528,0.622152
3529,0.648649
3530,0.64168
3531,0.649347
3532,0.636879
3533,0.637747
3534,0.649361
3535,0.645368
3536,0.649928
3537,0.648103
3538,0.65811
3539,0.667265
3540,0.632541
3541,0.644744
3542,0.648933
3543,0.66726
3544,0.645314
3545,0.579051
3546,0.577669
3547,0.57774
3548,0.57027
3549,0.581594
3550,0.569993
3551,0.570058
3552,0.569235
3553,0.569648
3554,0.579863
3555,0.578006
3556,0.565316
3557,0.563027
3558,0.5705
3559,0.562357
3560,0.538377
3561,0.55185
3562,0.556818
3563,0.556476
3564,0.545806
3565,0.546593
3566,0.546925
3567,0.543143
3568,0.543181
3569,0.567575
3570,0.566716
3571,0.55492
3572,0.552555
3573,0.561357
3574,0.571093
3575,0.571764
3576,0.569394
3577,0.569135
3578,0.560762
3579,0.561069
3580,0.632734
3581,0.624547
3582,0.624695
3583,0.630096
3584,0.638643
3585,0.6401
3586,0.588641
3587,0.597306
3588,0.5766
3589,0.570445
3590,0.573775
3591,0.579505
3592,0.587862
3593,0.61072
3594,0.614183
3595,0.63658
3596,0.636168
3597,0.653784
3598,0.640547
3599,0.648336
3600,0.644009
3601,0.637918
3602,0.640523
3603,0.633755
3604,0.628546
3605,0.588036
3606,0.582691
3607,0.571069
3608,0.591847
3609,0.600437
3610,0.594109
3611,0.597201
3612,0.608359
3613,0.604308
3614,0.606189
3615,0.595414
3616,0.600997
3617,0.599135
3618,0.615681
3619,0.61629
3620,0.600358
3621,0.616478
3622,0.615251
3623,0.649941
3624,0.620044
3625,0.600323
3626,0.594287
3627,0.604633
3628,0.589553
3629,0.58679
3630,0.595846
3631,0.574345
3632,0.56534
3633,0.573843
3634,0.579883
3635,0.578269
3636,0.579478
3637,0.566583
3638,0.566278
3639,0.571436
3640,0.587809
3641,0.587513
3642,0.591331
3643,0.593174
3644,0.60457
3645,0.605723
3646,0.597478
3647,0.597213
3648,0.578599
3649,0.577623
3650,0.575342
3651,0.573943
3652,0.575972
3653,0.563761
3654,0.554263
3655,0.561645
3656,0.561445
3657,0.572246
3658,0.579914
3659,0.574705
3660,0.574372
3661,0.575066
3662,0.574596
3663,0.575118
3664,0.567996
3665,0.573561
3666,0.573343
3667,0.58338
3668,0.58397
3669,0.530248
3670,0.534164
3671,0.531508
3672,0.531511
3673,0.533433
3674,0.531789
3675,0.530311
3676,0.538482
3677,0.537465
3678,0.529502
3679,0.524389
3680,0.518509
3681,0.51908
3682,0.52605
3683,0.525878
3684,0.532292
3685,0.531863
3686,0.528776
3687,0.528424
3688,0.531967
3689,0.53289
3690,0.53531
3691,0.533311
3692,0.534888
3693,0.535081
3694,0.537031
3695,0.549207
3696,0.558683
3697,0.554694
3698,0.554828
3699,0.543584
3700,0.543551
3701,0.549924
3702,0.540845
3703,0.535773
3704,0.535263
3705,0.549998
3706,0.543185
3707,0.54308
3708,0.543146
3709,0.549716
3710,0.550797
3711,0.5566
3712,0.556226
3713,0.554024
3714,0.554924
3715,0.559651
3716,0.55635
3717,0.559786
3718,0.542923
3719,0.552402
3720,0.549965
3721,0.556398
3722,0.555452
3723,0.556097
3724,0.568052
3725,0.57004
3726,0.572081
3727,0.600986
3728,0.593974
3729,0.592848
3730,0.587315
3731,0.57515
3732,0.597125
3733,0.551395
3734,0.550427
3735,0.535987
3736,0.552873
3737,0.540905
3738,0.547658
3739,0.564703
3740,0.560016
3741,0.56626
3742,0.559031
3743,0.558293
3744,0.552419
3745,0.548333
3746,0.546853
3747,0.553739
3748,0.544211
3749,0.538184
3750,0.539739
3751,0.535084
3752,0.536201
3753,0.512564
3754,0.521621
3755,0.512648
3756,0.512614
3757,0.510124
3758,0.515397
3759,0.515564
3760,0.516263
3761,0.538446
3762,0.55369
3763,0.560865
3764,0.571916
3765,0.573415
3766,0.581774
3767,0.581774
3768,0.58788
3769,0.572777
3770,0.573534
3771,0.579132
3772,0.571983
3773,0.565176
3774,0.545582
3775,0.538575
3776,0.5365
3777,0.538492
3778,0.537683
3779,0.539065
3780,0.561541
3781,0.553385
3782,0.55078
3783,0.548703
3784,0.552375
3785,0.549607
3786,0.546184
3787,0.542888
3788,0.534368
3789,0.532616
3790,0.535175
3791,0.533427
3792,0.533311
3793,0.533182
3794,0.533603
3795,0.534698
3796,0.527618
3797,0.546675
3798,0.56136
3799,0.567921
3800,0.569945
3801,0.566581
3802,0.577883
3803,0.574958
3804,0.575717
3805,0.552631
3806,0.561812
3807,0.561093
3808,0.563454
3809,0.559909
3810,0.562671
3811,0.567334
3812,0.559353
3813,0.567719
3814,0.544821
3815,0.546024
3816,0.543176
3817,0.5446
3818,0.550234
3819,0.540644
3820,0.571228
3821,0.580234
3822,0.57718
3823,0.577082
3824,0.564448
3825,0.568425
3826,0.557658
3827,0.540715
3828,0.541015
3829,0.545157
3830,0.551018
3831,0.548047
3832,0.547974
3833,0.590188
3834,0.624321
3835,0.628081
3836,0.642504
3837,0.687775
3838,0.707195
3839,0.612824
3840,0.613978
3841,0.613823
3842,0.605734
3843,0.60535
3844,0.605853
3845,0.59159
3846,0.581958
3847,0.612833
3848,0.613129
3849,0.626947
3850,0.638514
3851,0.656718
3852,0.648393
3853,0.631191
3854,0.663525
3855,0.637217
3856,0.62097
3857,0.620482
3858,0.620063
3859,0.639107
3860,0.656184
3861,0.675824
3862,0.683005
3863,0.679154
3864,0.688403
3865,0.679635
3866,0.661415
3867,0.661967
3868,0.639814
3869,0.640432
3870,0.64569
3871,0.64261
3872,0.643591
3873,0.658002
3874,0.655657
3875,0.63797
3876,0.634367
3877,0.654487
3878,0.649499
3879,0.664882
3880,0.677045
3881,0.662442
3882,0.63287
3883,0.632518
3884,0.641833
3885,0.625555
3886,0.627556
3887,0.645184
3888,0.644272
3889,0.769271
3890,0.764647
3891,0.730597
3892,0.727507
3893,0.733064
3894,0.731182
3895,0.707958
3896,0.707388
3897,0.699369
3898,0.702618
3899,0.702225
3900,0.70784
3901,0.696349
3902,0.693794
3903,0.638613
3904,0.643016
3905,0.644192
3906,0.614505
3907,0.613675
3908,0.618355
3909,0.620963
3910,0.621051
3911,0.644798
3912,0.644487
3913,0.642268
3914,0.644717
3915,0.641453
3916,0.639376
3917,0.650826
3918,0.640228
3919,0.653528
3920,0.643308
3921,0.628717
3922,0.63108
3923,0.628821
3924,0.661991
3925,0.647638
3926,0.646198
3927,0.610105
3928,0.605977
3929,0.612599
3930,0.637212
3931,0.637755
3932,0.629181
3933,0.625497
3934,0.629427
3935,0.629594
3936,0.640632
3937,0.641552
3938,0.618717
3939,0.610506
3940,0.609322
3941,0.609923
3942,0.605392
3943,0.60621
3944,0.605346
3945,0.607802
3946,0.606183
3947,0.605328
3948,0.595706
3949,0.593892
3950,0.597348
3951,0.590926
3952,0.623019
3953,0.626074
3954,0.626607
3955,0.624925
3956,0.60635
3957,0.623435
3958,0.608263
3959,0.609716
3960,0.609468
3961,0.609696
3962,0.608988
3963,0.620473
3964,0.619545
3965,0.603614
3966,0.603485
3967,0.613168
3968,0.623288
3969,0.63153
3970,0.630427
3971,0.631172
3972,0.633362
3973,0.635419
3974,0.617425
3975,0.61496
3976,0.610371
3977,0.613328
3978,0.616639
3979,0.61751
3980,0.616548
3981,0.622078
3982,0.622615
3983,0.616327
3984,0.618369
3985,0.718148
3986,0.720426
3987,0.714665
3988,0.717212
3989,0.716605
3990,0.718762
3991,0.717964
3992,0.672142
3993,0.64675
3994,0.666675
3995,0.678079
3996,0.710598
3997,0.683349
3998,0.661765
3999,0.665049
4000,0.655545
4001,0.66737
4002,0.661863
4003,0.592155
4004,0.581812
4005,0.584266
4006,0.59938
4007,0.601356
4008,0.600711
4009,0.600752
4010,0.600724
4011,0.636899
4012,0.636393
4013,0.637036
4014,0.625471
4015,0.626312
4016,0.646255
4017,0.662397
4018,0.710183
4019,0.702451
4020,0.688507
4021,0.632665
4022,0.637579
4023,0.650212
4024,0.673926
4025,0.70187
4026,0.708902
4027,0.720465
4028,0.719941
4029,0.713834
4030,0.677323
4031,0.7016
4032,0.632354
4033,0.660639
4034,0.665815
4035,0.657555
4036,0.658597
4037,0.658499
4038,0.666894
4039,0.662861
4040,0.673051
4041,0.687621
4042,0.697136
4043,0.691621
4044,0.715463
4045,0.710474
4046,0.683433
4047,0.697795
4048,0.67943
4049,0.709631
4050,0.697512
4051,0.662555
4052,0.576058
4053,0.580425
4054,0.594509
4055,0.577809
4056,0.575015
4057,0.574993
4058,0.576983
4059,0.575747
4060,0.581087
4061,0.584406
4062,0.595364
4063,0.595513
4064,0.605486
4065,0.631836
4066,0.633671
4067,0.632671
4068,0.636123
4069,0.637104
4070,0.627403
4071,0.62823
4072,0.596931
4073,0.599484
4074,0.599839
4075,0.607781
4076,0.586127
4077,0.586878
4078,0.585081
4079,0.610646
4080,0.62042
4081,0.628806
4082,0.57347
4083,0.575752
4084,0.564857
4085,0.565183
4086,0.56595
4087,0.571064
4088,0.571047
4089,0.568799
4090,0.578339
4091,0.566323
4092,0.567756
4093,0.569665
4094,0.569558
4095,0.572489
4096,0.556425
4097,0.55954
4098,0.562697
4099,0.564509
4100,0.564938
4101,0.566701
4102,0.567753
4103,0.56807
4104,0.551739
4105,0.551457
4106,0.558363
4107,0.558406
4108,0.558557
4109,0.559095
4110,0.55413
4111,0.549521
4112,0.550749
4113,0.55632
4114,0.543335
4115,0.540717
4116,0.544176
4117,0.573378
4118,0.568964
4119,0.568962
4120,0.554735
4121,0.543181
4122,0.55541
4123,0.564156
4124,0.552128
4125,0.554027
4126,0.554155
4127,0.553742
4128,0.559413
4129,0.55596
4130,0.551998
4131,0.553514
4132,0.627738
4133,0.626415
4134,0.625279
4135,0.673795
4136,0.669726
4137,0.66724
4138,0.641138
4139,0.62884
4140,0.63529
4141,0.654822
4142,0.656562
4143,0.664432
4144,0.654739
4145,0.659473
4146,0.673325
4147,0.673358
4148,0.673399
4149,0.674287
4150,0.699357
4151,0.637584
4152,0.637856
4153,0.631667
4154,0.633413
4155,0.63509
4156,0.628071
4157,0.625151
4158,0.607112
4159,0.61377
4160,0.581281
4161,0.5666
4162,0.57353
4163,0.566106
4164,0.571097
4165,0.565805
4166,0.566161
4167,0.567928
4168,0.565593
4169,0.564722
4170,0.568891
4171,0.579792
4172,0.577669
4173,0.578569
4174,0.578355
4175,0.575273
4176,0.559262
4177,0.595495
4178,0.557604
4179,0.544138
4180,0.555926
4181,0.551156
4182,0.560376
4183,0.562015
4184,0.561385
4185,0.559058
4186,0.551773
4187,0.551827
4188,0.543706
4189,0.552593
4190,0.570232
4191,0.56263
4192,0.562985
4193,0.551755
4194,0.552652
4195,0.541141
4196,0.530555
4197,0.536293
4198,0.534102
4199,0.531063
4200,0.537238
4201,0.539044
4202,0.55589
4203,0.556562
4204,0.553885
4205,0.551691
4206,0.561823
4207,0.556189
4208,0.55737
4209,0.539219
4210,0.529557
4211,0.545902
4212,0.53666
4213,0.534068
4214,0.537096
4215,0.533741
4216,0.521809
4217,0.524286
4218,0.525125
4219,0.531862
4220,0.537049
4221,0.535381
4222,0.535387
4223,0.534935
4224,0.53434
4225,0.531316
4226,0.529674
4227,0.527731
4228,0.538169
4229,0.540004
4230,0.537208
4231,0.537127
4232,0.537851
4233,0.535555
4234,0.549396
4235,0.549369
4236,0.553386
4237,0.558348
4238,0.557783
4239,0.558564
4240,0.556844
4241,0.557347
4242,0.556323
4243,0.588211
4244,0.587307
4245,0.590547
4246,0.591617
4247,0.591806
4248,0.591594
4249,0.583061
4250,0.578589
4251,0.5775
4252,0.571515
4253,0.577303
4254,0.557747
4255,0.559256
4256,0.5634
4257,0.562278
4258,0.566037
4259,0.556348
4260,0.564957
4261,0.568682
4262,0.572123
4263,0.572743
4264,0.583511
4265,0.55473
4266,0.539995
4267,0.540803
4268,0.540855
4269,0.543113
4270,0.546002
4271,0.54496
4272,0.562772
4273,0.562259
4274,0.56615
4275,0.572274
4276,0.571912
4277,0.567016
4278,0.56642
4279,0.566047
4280,0.565502
4281,0.611422
4282,0.598874
4283,0.547043
4284,0.545452
4285,0.540018
4286,0.562851
4287,0.563303
4288,0.563205
4289,0.565303
4290,0.564234
4291,0.540319
4292,0.555821
4293,0.556758
4294,0.554566
4295,0.553315
4296,0.559516
4297,0.564226
4298,0.572557
4299,0.575864
4300,0.578656
4301,0.578677
4302,0.595053
4303,0.598081
4304,0.607368
4305,0.592723
4306,0.588958
4307,0.581822
4308,0.580702
4309,0.536183
4310,0.548248
4311,0.547721
4312,0.526254
4313,0.526031
4314,0.532056
4315,0.529327
4316,0.536003
4317,0.543786
4318,0.529669
4319,0.56129
4320,0.559743
4321,0.555318
4322,0.557789
4323,0.557093
4324,0.558144
4325,0.561756
4326,0.568418
4327,0.56692
4328,0.563104
4329,0.553347
4330,0.554901
4331,0.552983
4332,0.596872
4333,0.596696
4334,0.592099
4335,0.593914
4336,0.589106
4337,0.584683
4338,0.576437
4339,0.539693
4340,0.545907
4341,0.547676
4342,0.541742
4343,0.541897
4344,0.538711
4345,0.534276
4346,0.538716
4347,0.536478
4348,0.541541
4349,0.541646
4350,0.537483
4351,0.538617
4352,0.536589
4353,0.536729
4354,0.535372
4355,0.535157
4356,0.530058
4357,0.539279
4358,0.564905
4359,0.564588
4360,0.581874
4361,0.579883
4362,0.580883
4363,0.582718
4364,0.612998
4365,0.607696
4366,0.599649
4367,0.599601
4368,0.590976
4369,0.600886
4370,0.601147
4371,0.592462
4372,0.601625
4373,0.601109
4374,0.612512
4375,0.613279
4376,0.608936
4377,0.612838
4378,0.618001
4379,0.615714
4380,0.607758
4381,0.598982
4382,0.63815
4383,0.689054
4384,0.67139
4385,0.668409
4386,0.667564
4387,0.667666
4388,0.667223
4389,0.658889
4390,0.660031
4391,0.655655
4392,0.652475
4393,0.671995
4394,0.681041
4395,0.688715
4396,0.70724
4397,0.703934
4398,0.703997
4399,0.696202
4400,0.697945
4401,0.687865
4402,0.690567
4403,0.691554
4404,0.632565
4405,0.611872
4406,0.624607
4407,0.623482
4408,0.642192
4409,0.633209
4410,0.606721
4411,0.603272
4412,0.609564
4413,0.622166
4414,0.617843
4415,0.617974
4416,0.620847
4417,0.62056
4418,0.629491
4419,0.630773
4420,0.635113
4421,0.637378
4422,0.627138
4423,0.628298
4424,0.616675
4425,0.612153
4426,0.625829
4427,0.597004
4428,0.597067
4429,0.606156
4430,0.604994
4431,0.60933
4432,0.612199
4433,0.611503
4434,0.613578
4435,0.613465
4436,0.608192
4437,0.606413
4438,0.577228
4439,0.571068
4440,0.570246
4441,0.573327
4442,0.584573
4443,0.583593
4444,0.584817
4445,0.563854
4446,0.5697
4447,0.57027
4448,0.582905
4449,0.591434
4450,0.608215
4451,0.610356
4452,0.622469
4453,0.635885
4454,0.604472
4455,0.602405
4456,0.573828
4457,0.579399
4458,0.579454
4459,0.578716
4460,0.574618
4461,0.568733
4462,0.576533
4463,0.57659
4464,0.590103
4465,0.602426
4466,0.617211
4467,0.618185
4468,0.618511
4469,0.620497
4470,0.607668
4471,0.601267
4472,0.611246
4473,0.593831
4474,0.595089
4475,0.622988
4476,0.631066
4477,0.626761
4478,0.627727
4479,0.659703
4480,0.664127
4481,0.665912
4482,0.663278
4483,0.643745
4484,0.644483
4485,0.662111
4486,0.658689
4487,0.653183
4488,0.659593
4489,0.628771
4490,0.632296
4491,0.632351
4492,0.632653
4493,0.643985
4494,0.636278
4495,0.647933
4496,0.658277
4497,0.681285
4498,0.682678
4499,0.678652
4500,0.706912
4501,0.693932
4502,0.702691
4503,0.698403
4504,0.689009
4505,0.670577
4506,0.653714
4507,0.647631
4508,0.619303
4509,0.627756
4510,0.611624
4511,0.597481
4512,0.596857
4513,0.597468
4514,0.597238
4515,0.600815
4516,0.605717
4517,0.602083
4518,0.623762
4519,0.603122
4520,0.605612
4521,0.602997
4522,0.581732
4523,0.5901
4524,0.527533
4525,0.527789
4526,0.530362
4527,0.53399
4528,0.539994
4529,0.544242
4530,0.544541
4531,0.544307
4532,0.543511
4533,0.546737
4534,0.526373
4535,0.528194
4536,0.540858
4537,0.555155
4538,0.535276
4539,0.535497
4540,0.543237
4541,0.548651
4542,0.546809
4543,0.553176
4544,0.579394
4545,0.570407
4546,0.561407
4547,0.562727
4548,0.569238
4549,0.601323
4550,0.586622
4551,0.594614
4552,0.631414
4553,0.631404
4554,0.630987
4555,0.626536
4556,0.619465
4557,0.618569
4558,0.620679
4559,0.635045
4560,0.650596
4561,0.642718
4562,0.637448
4563,0.63446
4564,0.634252
4565,0.610824
4566,0.640812
4567,0.618773
4568,0.606918
4569,0.634273
4570,0.637633
4571,0.586192
4572,0.59112
4573,0.590685
4574,0.595515
4575,0.595708
4576,0.608915
4577,0.657127
4578,0.601025
4579,0.603163
4580,0.625291
4581,0.630537
4582,0.632764
4583,0.597179
4584,0.597601
4585,0.59563
4586,0.600837
4587,0.608866
4588,0.632985
4589,0.662427
4590,0.663662
4591,0.607303
4592,0.603751
4593,0.596089
4594,0.627086
4595,0.628637
4596,0.627214
4597,0.627249
4598,0.626611
4599,0.599167
4600,0.619705
4601,0.606688
4602,0.606801
4603,0.599103
4604,0.58728
4605,0.576027
4606,0.578553
4607,0.580226
4608,0.579436
4609,0.579765
4610,0.595645
4611,0.595182
4612,0.59677
4613,0.594959
4614,0.586431
4615,0.595432
4616,0.599438
4617,0.565784
4618,0.563818
4619,0.570636
4620,0.567102
4621,0.56589
4622,0.581928
4623,0.577495
4624,0.577701
4625,0.583352
4626,0.586015
4627,0.59035
4628,0.567536
4629,0.564854
4630,0.575185
4631,0.545796
4632,0.550976
4633,0.55197
4634,0.555117
4635,0.551866
4636,0.574881
4637,0.574978
4638,0.5836
4639,0.568619
4640,0.568753
4641,0.571697
4642,0.555057
4643,0.570506
4644,0.575892
4645,0.581009
4646,0.564137
4647,0.56656
4648,0.565805
4649,0.548369
4650,0.544598
4651,0.554469
4652,0.556447
4653,0.562118
4654,0.554933
4655,0.556246
4656,0.554636
4657,0.551949
4658,0.543567
4659,0.53146
4660,0.53155
4661,0.530131
4662,0.555877
4663,0.564993
4664,0.557763
4665,0.561242
4666,0.543651
4667,0.543464
4668,0.534073
4669,0.536369
4670,0.538772
4671,0.546363
4672,0.543627
4673,0.552468
4674,0.562533
4675,0.568515
4676,0.573768
4677,0.574831
4678,0.57885
4679,0.563477
4680,0.566703
4681,0.586595
4682,0.580326
4683,0.574698
4684,0.581185
4685,0.568829
4686,0.575024
4687,0.603791
4688,0.609054
4689,0.620969
4690,0.672479
4691,0.664659
4692,0.651141
4693,0.669938
4694,0.670588
4695,0.685454
4696,0.679582
4697,0.663018
4698,0.649108
4699,0.690624
4700,0.701732
4701,0.695991
4702,0.675636
4703,0.658287
4704,0.629477
4705,0.64963
4706,0.659966
4707,0.678265
4708,0.678053
4709,0.679324
4710,0.685276
4711,0.679016
4712,0.683056
4713,0.700067
4714,0.60277
4715,0.623053
4716,0.623953
4717,0.626613
4718,0.621253
4719,0.62051
4720,0.620641
4721,0.61594
4722,0.644209
4723,0.62554
4724,0.625936
4725,0.630539
4726,0.65359
4727,0.653394
4728,0.653485
4729,0.616797
4730,0.620584
4731,0.619001
4732,0.621645
4733,0.619057
4734,0.624693
4735,0.636329
4736,0.631264
4737,0.631624
4738,0.625249
4739,0.624965
4740,0.623991
4741,0.626771
4742,0.631134
4743,0.638199
4744,0.634098
4745,0.630036
4746,0.616757
4747,0.629374
4748,0.613085
4749,0.609966
4750,0.606001
4751,0.607008
4752,0.607665
4753,0.612839
4754,0.61037
4755,0.594047
4756,0.592172
4757,0.614135
4758,0.648378
4759,0.684751
4760,0.651088
4761,0.577475
4762,0.594664
4763,0.595421
4764,0.597431
4765,0.590429
4766,0.591027
4767,0.600174
4768,0.606674
4769,0.606671
4770,0.58959
4771,0.617636
4772,0.615818
4773,0.609041
4774,0.598076
4775,0.613705
4776,0.646241
4777,0.649809
4778,0.641998
4779,0.643805
4780,0.643024
4781,0.660518
4782,0.649855
4783,0.648992
4784,0.607981
4785,0.592681
4786,0.598656
4787,0.607354
4788,0.616688
4789,0.622325
4790,0.622937
4791,0.609213
4792,0.623452
4793,0.624727
4794,0.619987
4795,0.618613
4796,0.623481
4797,0.621143
4798,0.574907
4799,0.577912
4800,0.576663
4801,0.57642
4802,0.583398
4803,0.580678
4804,0.579288
4805,0.589249
4806,0.590811
4807,0.592886
4808,0.559421
4809,0.557791
4810,0.558864
4811,0.5522
4812,0.553282
4813,0.541693
4814,0.544552
4815,0.545033
4816,0.544576
4817,0.556339
4818,0.573229
4819,0.563663
4820,0.557997
4821,0.565369
4822,0.573592
4823,0.596303
4824,0.585165
4825,0.585217
4826,0.585129
4827,0.592014
4828,0.605408
4829,0.602373
4830,0.611778
4831,0.620958
4832,0.583755
4833,0.612224
4834,0.595318
4835,0.597288
4836,0.594836
4837,0.559305
4838,0.555544
4839,0.545821
4840,0.558409
4841,0.558225
4842,0.572312
4843,0.571061
4844,0.570919
4845,0.57336
4846,0.59124
4847,0.589675
4848,0.591453
4849,0.61906
4850,0.618176
4851,0.622557
4852,0.620283
4853,0.614791
4854,0.615183
4855,0.615739
4856,0.622134
4857,0.623515
4858,0.633223
4859,0.631961
4860,0.633702
4861,0.618499
4862,0.606646
4863,0.623238
4864,0.624173
4865,0.600238
4866,0.605333
4867,0.607358
4868,0.606502
4869,0.592497
4870,0.598494
4871,0.585426
4872,0.576084
4873,0.574594
4874,0.57652
4875,0.580199
4876,0.578193
4877,0.586839
4878,0.598855
4879,0.590974
4880,0.591671
4881,0.598793
4882,0.600119
4883,0.60016
4884,0.609409
4885,0.57679
4886,0.571621
4887,0.571455
4888,0.581505
4889,0.567317
4890,0.537341
4891,0.544618
4892,0.559092
4893,0.589038
4894,0.583
4895,0.582677
4896,0.582707
4897,0.581747
4898,0.581523
4899,0.593336
4900,0.585116
4901,0.603195
4902,0.5987
4903,0.588345
4904,0.587104
4905,0.587095
4906,0.585576
4907,0.586824
4908,0.572939
4909,0.567724
4910,0.54158
4911,0.545973
4912,0.542416
4913,0.556746
4914,0.542896
4915,0.550413
4916,0.562424
4917,0.562288
4918,0.560962
4919,0.619156
4920,0.627645
4921,0.626126
4922,0.63046
4923,0.624112
4924,0.630636
4925,0.655935
4926,0.648026
4927,0.634035
4928,0.635482
4929,0.61839
4930,0.62937
4931,0.628536
4932,0.627814
4933,0.642788
4934,0.632593
4935,0.630106
4936,0.635551
4937,0.624683
4938,0.622121
4939,0.618549
4940,0.648232
4941,0.65284
4942,0.65631
4943,0.653795
4944,0.653323
4945,0.641802
4946,0.642462
4947,0.643937
4948,0.673328
4949,0.64717
4950,0.641431
4951,0.641281
4952,0.627612
4953,0.626627
4954,0.628172
4955,0.627135
4956,0.627791
4957,0.624842
4958,0.616362
4959,0.617955
4960,0.585326
4961,0.545785
4962,0.549297
4963,0.543495
4964,0.581249
4965,0.580528
4966,0.576602
4967,0.580902
4968,0.548091
4969,0.538532
4970,0.536758
4971,0.537647
4972,0.537407
4973,0.526971
4974,0.532932
4975,0.532127
4976,0.528098
4977,0.530754
4978,0.530444
4979,0.529902
4980,0.529367
4981,0.540291
4982,0.53951
4983,0.537402
4984,0.535483
4985,0.522697
4986,0.522898
4987,0.542688
4988,0.535113
4989,0.534204
4990,0.526511
4991,0.526089
4992,0.544188
4993,0.56515
4994,0.556512
4995,0.560176
4996,0.561626
4997,0.553589
4998,0.532906
4999,0.526765
5000,0.521473
