x,y
1,-9.97497,1.27171,-6.13392,6.17481,1.70019,-0.402539,-2.99417,7.91925,6.4568,-33.8934
1,4.9321,-6.51784,7.17887,4.21003,0.270699,-3.9201,-9.70031,-8.17194,-2.71096,-107.194
1,-7.05374,-6.68203,9.7705,-1.08615,-7.61834,-9.90661,-9.82177,-2.4424,0.633259,-105.033
1,1.42369,2.03528,2.14331,-6.67531,3.2609,-0.984222,-2.95755,-8.85922,2.15369,128.625
1,5.66637,6.05213,0.397656,-3.961,7.51946,4.53352,9.11802,8.51436,0.787072,143.54
1,-7.15323,-0.758385,-5.29344,7.24479,-5.80798,5.59313,6.87307,9.93591,9.9939,-22.9777
1,2.22999,-2.15125,-4.67574,-4.05438,6.80288,-9.52513,-2.48268,-8.14753,3.54411,4.97885
1,-8.8757,-9.82421,8.3758,-4.48225,-4.54207,1.75817,3.82366,6.75222,4.52986,17.6221
1,-0.301218,-5.89282,4.87472,-0.630818,-0.840785,8.98312,4.88876,-7.83441,1.98096,83.048
1,-2.2953,4.70016,2.17933,1.4481,-2.77322,-6.9689,-5.49791,-1.49693,6.05762,6.14574
1,0.342112,9.7998,5.03098,-3.08878,-6.62038,3.14615,-0.162053,-8.72921,3.99518,164.726
1,0.0961333,-7.05008,8.99167,-7.16849,8.10236,3.85784,-3.93902,-1.46886,-8.59249,58.517
1,9.33226,3.66375,-6.93533,7.54509,6.43361,1.64098,-6.17298,-6.44215,6.34388,3.73269
1,-0.494705,-6.88894,0.0784326,4.64034,-1.88818,-4.4084,1.37486,3.64483,5.11704,-114.136
1,4.43831,-0.494095,-7.5396,-2.64382,6.69362,-9.29807,0.340281,3.25968,-1.47557,-67.5026
1,-7.90643,8.98679,8.42769,0.990936,-3.08023,-0.565508,-2.50038,6.9396,-3.66253,47.047
1,-0.878018,-4.56221,9.65941,-4.04401,4.78378,1.34556,-6.0802,5.22629,6.78884,87.3757
1,-2.04688,0.0180059,7.80328,-9.45067,9.89257,1.45177,-8.98984,0.626545,-6.11866,124.582
1,6.86087,2.53517,3.15226,-6.04297,6.84317,-7.53349,-7.80145,4.86251,-3.71868,4.53691
1,8.82138,-4.27839,-3.27372,-7.19474,4.6617,6.6924,4.15998,2.00476,4.9443,101.984
1,-4.94552,-7.11051,-9.96765,-8.77987,6.12476,7.05252,-5.78845,-7.68792,1.06418,90.5943
1,-9.71496,-7.72454,-0.909757,5.0444,3.72295,0.868862,-8.52229,-1.2656,-5.96118,-112.898
1,3.92438,-4.19294,-1.26621,-5.35142,1.55736,0.65157,2.57363,-6.79617,0.0827052,41.5279
1,9.26084,3.91522,8.49605,-6.20106,-3.28104,-6.433,9.90356,-0.851161,9.96033,123.952
1,-8.04987,2.50343,-8.11213,-1.24546,8.63033,-9.03134,7.89239,-4.19965,-5.45396,-7.91144
1,5.38133,-1.78564,-5.96057,2.56142,2.08289,-0.967742,-0.672933,1.95654,2.69448,-58.0079
1,7.09586,6.57582,2.4955,4.41816,1.31504,-2.49733,-6.31458,4.75814,1.10263,-20.3105
1,8.10175,-5.14267,-6.2212,2.09449,3.97015,1.69225,-2.97403,-0.110782,-8.39228,-125.546
1,4.81491,2.24097,2.40761,3.82244,6.09058,-7.01773,1.52074,7.35466,8.23115,-4.43731
1,2.29408,4.55367,-9.13572,3.35551,9.53063,-3.69976,1.38401,-3.88348,-6.5215,-36.697
1,-7.82891,7.3809,7.02445,4.88632,-6.90237,-3.46171,-8.41304,-8.46797,2.81961,27.2105
1,6.40004,0.901822,-1.03488,-1.82043,-4.02509,-0.688803,0.0241096,-6.94693,-3.53923,-17.1152
1,4.75997,-3.72234,6.53371,9.18149,7.46696,4.50056,-3.99884,8.87997,-7.45537,-106.257
1,-8.68526,5.69933,0.491653,2.19275,9.12229,-8.55464,7.51274,3.07718,-3.55754,16.3605
1,-7.90399,0.101016,-5.45824,-4.19416,8.39961,1.02329,3.25602,-7.70928,-0.149236,112.398
1,-2.41737,-0.0637837,5.86718,0.185247,-2.35267,3.76324,0.643025,2.12561,-2.09632,25.5165
1,-9.8822,4.15754,-7.98761,2.46132,7.26493,-0.169988,4.94675,-0.0619526,-2.39784,30.5083
1,5.70727,1.05625,-2.85806,9.11435,2.61696,-6.4684,-2.51503,-7.36747,4.86557,-79.7445
1,9.03439,2.23975,-9.44334,-3.40312,-8.8818,2.7842,-7.36747,6.94143,7.28629,-22.335
1,1.93762,4.43281,7.07938,-9.70641,-7.47063,4.15815,2.34291,-5.64867,-8.68099,110.359
1,-6.6216,2.48207,-3.18033,-3.61187,-2.6487,3.22001,6.04785,6.13758,0.530717,61.281
1,2.22205,5.96362,8.01202,-7.10379,2.60353,-1.95166,-4.92599,-7.2692,7.10379,193.996
1,-8.67672,-1.44383,1.46702,-3.95428,0.961028,-5.48875,-3.773,-7.78741,6.16077,65.5542
1,-7.30583,-4.31501,5.7622,7.9046,5.79272,4.87594,2.30445,-2.77749,7.13309,53.2555
1,-5.43016,7.27165,-5.41124,-5.009,0.848109,9.69665,-8.92392,-8.37153,0.493484,175.774
1,-1.46397,-8.10663,-4.82406,7.83074,-5.34471,-7.069,-7.49809,8.63277,-8.39778,-316.719
1,-9.0582,-8.82565,-3.27189,8.29402,-2.02795,-1.34434,8.92331,6.74368,0.68453,-155.377
1,6.84194,3.87066,-2.04627,-4.81674,-9.91333,0.511795,9.09604,-2.02612,-5.17808,0.961655
1,1.71117,-4.89731,3.68023,8.90561,-1.29002,7.8045,-9.85656,8.81954,2.03101,-93.1654
1,5.72314,1.53356,-7.1514,-5.55345,-2.33985,-9.91455,-1.64159,-8.35505,3.19864,-15.4041
1,7.10196,-8.70296,6.2212,3.24137,3.82977,6.05396,0.602741,3.71258,-7.14469,-78.1126
1,3.79009,4.55794,5.55467,-9.37864,7.37358,2.89041,4.13129,-8.29096,1.03977,232.777
1,8.9581,-8.82443,-4.50056,-7.09647,9.63561,2.39967,-4.1551,8.44966,-2.64931,-25.2529
1,3.8908,-5.62731,-6.88162,-5.18906,0.428785,8.04559,-7.87164,8.05292,-1.1655,-21.5186
1,-8.39778,5.64196,-6.56423,9.4879,5.51744,7.40776,-5.78722,-0.867641,-9.92492,-37.8007
1,5.01267,-7.71905,-1.90588,-3.77728,9.85229,-9.22849,-4.95834,-6.21448,-5.04624,-83.2986
1,-6.92984,2.40638,7.70745,8.7817,-6.08692,5.59313,2.91116,3.13517,8.18293,39.9991
1,-0.890835,8.42586,3.28349,-6.98477,2.72683,1.39073,-1.55919,8.86044,0.811487,143.624
1,1.5714,0.729087,-4.89425,-2.06091,-2.99478,-9.26756,5.90503,-6.06983,-8.59432,-97.7146
1,-2.21168,1.81494,-8.5815,-6.04663,-6.88223,2.88675,-0.913419,2.08594,3.94696,41.5541
1,-1.17405,3.68938,-2.06946,6.71438,1.84423,-6.00818,8.98923,7.52007,-2.1659,-87.1311
1,9.74914,-6.29383,7.91437,1.489,-1.15879,2.54677,4.17035,-9.00754,-4.28877,-27.6424
1,-4.79598,-1.84729,7.90643,4.20392,4.56893,7.92108,-2.12867,-2.05176,8.07733,118.372
1,-3.82794,-2.23792,1.41148,-2.92886,4.67391,4.90707,4.72762,4.78866,-7.21366,32.8126
1,-5.99658,-4.54817,3.60881,8.2226,-2.64321,0.353099,-7.81243,8.14875,-5.9386,-169.908
1,0.359203,3.09671,-1.22959,3.75286,-8.19147,-8.40876,-8.48445,-9.44395,-2.89834,-120.551
1,-3.8554,3.94574,-7.14652,-2.10303,-8.64315,3.51482,4.49873,-6.02588,3.88043,62.4494
1,2.31422,3.09793,0.879849,-8.034,0.907315,-9.00754,9.49156,-0.719321,9.3994,117.61
1,4.55733,0.619221,3.59844,3.85601,-2.55776,-2.22755,-9.00082,6.19556,-6.60878,-128.482
1,-8.78353,-3.78887,5.68957,-5.7506,-3.56182,-0.306711,-9.81689,-1.20273,0.15717,28.7069
1,2.1189,5.17075,-1.97851,-3.00394,6.85293,8.8464,2.4662,9.94568,-8.93063,74.234
1,1.25706,7.27103,-2.26478,-3.87188,-4.31562,-9.46593,2.25135,-2.17627,-9.62767,-51.4924
1,-9.37925,-0.885952,7.15873,8.73531,-1.96203,4.54573,2.23182,6.16749,7.50847,14.2157
1,1.65197,1.90039,-8.41975,5.86352,-0.755943,1.81249,1.78869,1.38401,6.3213,-27.5035
1,3.455,-3.12845,-9.79553,-4.65377,-3.16874,-5.35813,5.42039,-2.56508,7.39738,-19.6986
1,-7.66289,4.51155,2.57851,7.87896,-6.33961,0.711386,8.0401,5.60167,9.30418,19.9033
1,-6.05274,8.03095,5.94836,9.06796,6.97623,7.80694,2.57424,-6.29078,2.33863,147.686
1,-4.70016,-4.98703,4.644,5.7622,-6.58132,4.27778,-0.381176,-8.37031,6.13086,-3.04239
1,7.10685,-7.50725,-3.85052,1.46641,-0.540483,5.24094,-6.1626,4.5555,9.90051,-34.0093
1,-9.69298,2.95267,3.83282,-6.51723,-8.5577,-4.50056,3.53252,6.77847,1.13315,37.8252
1,-2.57546,5.59008,-5.34959,2.76467,-5.36668,-5.90808,9.42076,-4.36506,-9.54222,-88.6463
1,5.38438,-6.96341,-9.06064,-9.81506,-3.02835,2.87759,-3.13517,-1.70873,-1.66967,-19.3433
1,-8.18659,0.903653,3.98541,-3.24015,3.15043,7.52495,0.709555,1.40049,-8.92026,80.5313
1,-0.68453,-4.80026,-1.46397,7.26676,-0.268258,-8.25129,1.31626,4.18806,5.56932,-144.332
1,7.28446,7.01102,-4.13984,7.28751,2.89834,4.93698,6.57277,5.31236,7.43828,52.429
1,8.16645,8.25068,0.439161,-1.19663,-7.84722,-2.91971,6.46107,-1.44566,-6.60329,-17.6457
1,-9.98291,3.1492,5.47105,-8.72555,-8.20368,-2.28675,3.67779,6.15223,-6.91824,35.7618
1,-7.14286,-9.03073,-3.07718,-9.62889,9.56847,2.95267,-8.92697,8.28303,2.74941,60.7804
1,-1.3657,-9.57884,-5.14817,-2.16102,3.08023,5.63768,-9.54344,6.52089,-7.23136,-103.08
1,2.68532,1.00803,9.66979,-0.731529,-5.70421,-3.98602,5.64318,-3.1492,-0.38789,11.289
1,2.16041,-7.94977,9.68871,5.11643,-6.98233,-0.871914,4.23261,9.97497,5.51012,-103.107
1,2.83303,2.42409,8.92209,3.76324,-4.20392,1.34312,-4.19233,0.96469,4.24726,19.5937
1,-5.07126,0.933561,-0.147404,9.04111,3.3964,5.3032,2.46742,-1.08493,5.97522,33.9489
1,4.91073,9.77844,-5.90747,2.5895,8.19636,1.82592,8.36787,0.110782,-0.212104,91.4578
1,-1.00558,7.7868,8.80795,-6.34144,-4.96078,-5.93982,4.60982,8.8226,2.5016,88.4965
1,-9.17295,2.82693,-9.30967,1.12705,0.889615,-1.07334,-8.77255,9.92065,-7.44499,-100.881
1,2.01819,-8.99289,-6.54408,3.20475,-3.35124,-3.68084,3.07169,-1.7893,-1.44993,-170.778
1,-5.56749,3.57036,-6.67104,-0.0491348,0.152898,6.05457,-1.29856,-9.90967,-3.21024,64.4298
1,-2.48207,-7.42851,6.54653,4.66597,7.82281,2.8666,3.01187,0.289621,4.6794,22.3532
1,4.74349,9.14182,-0.683309,-2.73476,-7.75628,8.0932,6.42445,-0.904263,-7.82647,71.7768
1,7.38884,5.22752,-9.21751,-1.66662,8.7225,-8.64498,-6.70278,-5.77441,-7.66167,-51.7693
1,1.82226,-7.63298,2.36549,1.60192,3.80596,4.63118,8.31294,3.39457,-4.02997,-36.8669
1,6.17725,-2.43629,9.94995,5.4503,-5.91174,-6.58864,-2.23487,-6.37562,1.61962,-90.9435
1,-6.08753,9.20286,-6.19495,-2.36549,-3.9201,-7.58354,-6.03687,-9.07529,5.42344,58.8908
1,5.2208,7.62078,-9.9646,-1.02756,-1.47252,6.03076,-0.773034,-0.102847,4.98764,83.7819
1,-5.22996,1.18809,-8.14508,8.4405,7.87652,7.14042,-8.80734,-0.182196,2.64077,-0.601004
1,4.9443,5.12131,-4.8851,8.19819,5.83972,-6.00757,1.05686,-8.97519,0.443434,-43.609
1,5.80737,4.08307,-9.51903,4.63485,1.06723,8.28425,7.51091,5.9386,-3.89142,-21.2007
1,-2.1012,-0.362255,-8.94833,3.03934,-9.98291,5.37156,5.12375,-5.60533,-6.90481,-86.786
1,-8.84945,3.41227,-9.34629,-3.08267,3.95734,5.96301,-1.27476,9.63439,2.71096,83.1028
1,-4.09406,-0.460524,7.48711,-8.41426,-7.98029,-7.13553,-7.13981,8.35994,-3.8255,-42.6617
1,-2.52358,6.27674,-9.06735,6.28407,-5.20005,7.9577,-4.86984,-4.61287,-5.83972,-40.2029
1,-5.41246,6.92312,7.49687,7.75384,6.89566,2.18543,-9.1821,-6.52944,-6.32496,38.5379
1,-2.88186,-1.01474,-6.29872,7.88934,2.46071,0.926847,8.23359,0.451979,4.61287,-34.9196
1,9.98657,9.38658,7.34855,6.8041,-7.06656,-2.51198,-4.31257,-6.58071,9.47508,39.7973
1,4.83627,4.3321,-9.38231,2.90078,6.25416,4.71847,6.36341,-7.50725,4.37788,87.8036
1,-2.49855,2.99661,8.30866,7.79351,-9.35667,5.46983,-1.02268,-9.84863,-5.42772,-20.4575
1,-1.6306,-6.86819,8.38069,0.0338755,-5.14267,5.08957,8.13044,-5.73046,-9.35789,-29.8644
1,5.42344,-5.43504,1.13193,6.12781,7.04031,-3.36772,0.778527,9.83581,7.38701,-75.8017
1,2.93741,-5.44542,6.25599,-2.57912,-2.66213,-9.30052,1.22593,-2.0426,-7.6043,-115.711
1,-3.50139,7.98029,-5.97034,8.80367,-7.4987,6.9866,7.87896,-1.0886,-5.55773,-35.1826
1,2.69509,1.20151,2.48085,-1.52684,-9.6704,7.28263,-7.20756,-4.65194,-4.16059,6.66929
1,3.63323,1.22898,9.17661,2.14454,5.76464,-1.54576,6.36769,4.78927,-7.28446,-6.94944
1,0.330515,-9.59838,-9.86023,4.96628,-3.32255,8.04254,-0.754723,5.35813,-8.98984,-193.854
1,2.6194,-9.51659,3.64849,9.38169,0.00885037,4.12763,-4.68123,6.44704,2.93252,-131.433
1,1.94433,-4.72762,6.88467,-0.798669,4.96323,-2.96793,-9.71007,-0.469069,2.52968,-3.87051
1,-1.92236,-2.32765,-9.44761,-4.22346,1.93701,7.67754,-1.35655,8.63094,-2.34046,8.42659
1,0.662557,-9.79858,9.48485,7.30399,-1.25156,3.99274,-3.34086,2.04688,-0.0289926,-97.0962
1,1.19236,-9.21995,-2.43568,-5.33921,8.74691,7.19047,9.2822,2.17627,1.67943,79.461
1,-8.47102,-1.85949,-3.89386,-0.0283822,-8.399,7.49565,-3.91461,5.63036,8.6578,26.4703
1,1.76855,-5.67553,-4.41389,1.21433,7.48833,-4.99863,-3.97198,4.54268,7.33207,-51.5304
1,-5.37828,-6.1858,-1.06418,7.80694,1.48656,-9.42442,9.90478,-8.81527,2.3838,-110.602
1,-4.86129,-6.60329,-7.67754,-5.37034,-0.102237,9.19614,-9.01425,-8.40754,-3.24686,28.1856
1,-4.40535,0.310984,-0.18891,-1.75451,8.49422,2.02124,-4.15693,-0.484939,-1.96692,64.5456
1,9.02646,0.967132,6.69851,5.88855,6.0332,1.85705,7.40165,-3.63872,8.78353,86.6477
1,-4.64156,8.86654,4.37544,-7.44743,5.49791,-0.542314,-6.48183,-9.46654,-9.16746,149.851
1,-0.904263,7.24601,-7.27775,-9.71068,-5.7445,6.37074,5.94409,5.59313,3.16996,146.976
1,-4.02509,5.62853,8.43013,6.84256,-5.14756,-0.02472,-9.53978,-8.48567,-9.38231,-49.668
1,-2.87576,4.30647,-1.80395,-6.39149,-4.04157,-6.35792,4.89792,-7.30522,-8.83541,6.03457
1,0.512406,-2.82266,6.13453,-6.82363,7.99738,-7.36381,-9.41527,-6.37135,6.36158,91.0921
1,-5.01572,1.41392,-3.06192,0.798669,3.29814,7.41508,8.65047,8.90561,-7.89605,12.3586
1,-6.93533,1.1594,6.00513,7.90277,-8.54976,7.44621,6.44826,-2.23426,0.975677,11.4966
1,3.43913,-0.98117,-4.37239,8.98923,9.64293,4.56099,1.89611,-4.55245,-7.36076,-58.3386
1,-6.04114,2.01025,-0.252998,-2.89346,-5.40147,-0.431227,3.83587,8.96298,3.42265,27.3901
1,9.65148,-5.24949,0.27131,-5.28367,7.96075,-0.312815,-3.47087,0.74984,1.41575,25.0959
1,-3.26945,-3.0369,-6.6155,-4.1966,-5.61449,8.45637,4.79354,6.14002,3.00882,33.6422
1,3.73394,-4.59822,5.33738,-8.71151,4.43525,7.18131,-3.16874,-9.11252,-0.314035,147.371
1,-9.58434,6.76382,2.37037,0.811487,2.08106,1.37364,5.54735,2.80068,3.93475,123.917
1,5.19883,7.36015,-6.84011,-1.52989,5.72924,-9.57152,-1.23264,-9.15708,0.126041,23.9421
1,-4.6147,-8.6346,-5.103,9.6411,0.129093,2.31056,-8.57967,-2.64992,9.11069,-103.512
1,7.20145,-3.25053,-5.16221,-4.20942,-8.98068,9.85412,-6.5508,-8.62178,-5.5974,-19.1008
1,-3.98175,5.73717,2.99234,-8.32636,-4.74471,-7.27042,-5.64928,1.25156,-6.43483,12.0784
1,2.64565,-7.86187,-0.925626,5.17685,-3.32377,-8.85189,-4.3498,3.88592,7.46513,-172.681
1,1.35166,7.36991,-8.3758,5.90808,9.99329,2.69997,2.37709,1.8955,1.86254,49.44
1,-6.11499,9.57762,-5.36973,-9.15403,-5.21897,-4.89731,-1.86377,5.89892,-4.55061,43.2366
1,8.00104,-2.41127,4.55123,-5.87024,-8.94101,2.09143,-2.92032,-2.77505,3.36222,30.6405
1,9.52086,-5.52721,7.91559,-3.0607,9.07041,3.30241,-5.96667,-4.35286,-2.89102,49.6578
1,0.639973,-4.18012,-5.60045,-8.00775,-7.86554,4.18683,6.87613,3.4373,6.38295,46.0488
1,-9.88464,-0.17304,2.09265,8.70663,-4.18744,2.11646,4.9382,7.47673,8.24458,-19.4609
1,6.60207,2.11829,-3.9024,5.68468,-6.99759,0.852382,3.78094,-2.1073,9.86389,-19.9799
1,-7.96136,-1.76794,-9.45128,3.74859,-4.82223,-6.61977,-5.42711,-6.21998,7.24418,-88.725
1,5.26597,-9.04782,-0.335398,-8.87692,9.22483,-8.30012,1.30955,9.25108,1.47801,-33.0632
1,7.57317,-1.82592,-1.93701,-1.73009,3.17057,6.46718,8.90378,-4.3376,-9.95544,10.6244
1,2.32521,-9.0112,3.12113,-1.56102,9.08994,2.07923,-5.98254,-1.71239,-3.18888,-15.4633
1,2.46254,6.1681,-9.90295,-7.89483,-2.11158,-4.46272,-3.66436,6.48488,7.07022,50.0797
1,-3.76934,-6.04663,1.29368,-0.61861,9.90234,-1.33518,-2.63039,-1.6245,-2.30262,-1.91173
1,1.60863,7.55486,-3.25175,-2.13233,9.02097,0.182806,-1.62816,2.1659,5.53514,133.95
1,-8.32698,-6.97623,-5.84155,-8.25312,-3.65459,-0.563677,2.58278,-3.34452,-8.41365,-46.54
1,2.29041,-7.14347,-4.38581,6.49953,-1.2186,9.8883,-5.58092,-7.85333,0.379955,-59.3885
1,-4.70809,-9.8529,1.52501,5.41124,-7.84967,9.38414,-2.61147,8.07978,0.434278,-111.617
1,-5.54674,-3.94757,-0.430616,-3.78765,-1.71178,5.29466,6.83218,-2.21778,-1.45054,51.9107
1,4.48347,4.69832,-8.17194,-8.36543,5.06149,6.9396,2.75613,-2.8074,-0.499588,155.915
1,-8.11213,-1.69408,-6.2328,-3.13761,8.26777,-5.41368,-3.79376,-6.91458,-3.16935,2.07388
1,-6.35426,-4.55428,-5.88122,-6.5508,-3.29447,-8.69137,0.0381481,9.27366,6.18519,-56.246
1,-1.07089,8.25983,-6.41469,-0.361644,-0.558184,3.9848,-5.02792,8.73409,-4.45112,10.7809
1,-4.00922,6.44887,6.39271,2.59804,5.90136,-9.85595,-4.78072,-4.20942,9.05942,81.0028
1,7.18925,0.348827,4.15021,-4.87655,8.42097,-0.174871,-8.12922,6.51967,-8.46614,4.26826
1,-4.34736,-2.32276,2.86538,0.301828,-1.36937,-7.18558,9.4995,-8.50764,-9.89624,-71.1322
1,8.29585,-1.76672,5.10666,-6.24683,-7.96564,-1.53722,3.55876,0.548418,6.48427,41.5665
1,6.74368,-4.57015,-0.0100711,7.40898,-7.02017,9.41588,0.767541,-5.58641,-8.66512,-119.259
1,-5.90747,-6.04541,-6.14185,-6.0094,9.13572,1.86987,4.77584,-4.11237,3.59661,97.2667
1,5.72253,8.42647,8.56868,6.8865,-4.8204,-7.89117,-8.76217,8.0755,-7.0336,-135.161
1,7.85516,-2.81167,9.13388,-2.36854,-3.37077,3.69121,7.75079,-2.39784,-1.33457,44.5064
1,3.49284,-4.65804,-0.343333,0.556963,6.04114,5.88244,4.9266,-0.266427,6.55568,72.5565
1,1.18076,-4.42427,-3.05643,-8.9172,8.22504,5.25803,-2.63039,-4.35224,-5.77502,81.8251
1,-3.50871,-8.99716,7.63237,-5.02365,-1.92358,-7.10257,7.50542,2.16224,5.67309,-4.82926
1,-6.06311,-0.965911,5.23545,-1.33335,2.72927,6.09119,-6.51112,-3.54656,9.26389,147.856
1,4.18806,-6.04907,7.25761,-9.05393,4.86435,-9.27915,-7.38334,-8.35261,1.0538,30.3823
1,1.37913,0.660115,-5.62243,-8.45637,-3.9079,-8.7109,-1.77465,-7.32597,-4.96628,-35.2436
1,6.41285,0.175481,-4.62569,9.7589,8.33064,-7.56523,-4.31135,4.13923,-0.581378,-154.186
1,-4.10504,-3.10709,0.502029,6.22242,0.344554,-8.65352,6.58437,1.08798,-7.92718,-166.322
1,0.191351,8.93368,4.46211,-0.521561,-0.973846,8.37764,0.976897,-2.69448,7.68731,205.037
1,3.19437,-7.54936,0.148015,-7.7514,-4.40413,0.929289,5.82568,-2.61635,7.16239,52.9628
1,4.88693,-0.722983,-2.80679,-1.15818,1.7185,-2.4192,2.64077,1.15207,-0.348216,-25.0305
1,6.7333,-6.2859,-9.8059,-7.81487,-9.1876,-5.56444,-4.88083,-1.79418,4.15204,-97.9923
1,-1.14536,-7.33879,0.881069,7.13553,6.13269,-5.63463,8.47652,-3.73272,-7.13553,-140.085
1,2.13721,-9.79431,9.1113,0.744957,-2.26234,-9.75219,-5.25864,7.71416,1.84912,-154.022
1,-6.94815,-9.66918,0.704062,8.3343,3.0546,-5.51073,-1.88879,9.31639,-8.05841,-237.12
1,-2.00842,0.122379,-3.29386,-3.43181,2.50832,-4.98459,-4.20087,0.670492,7.97357,37.5499
1,-0.438551,-3.43669,3.49162,-0.793176,1.65502,-1.74474,8.446,-7.58049,3.29447,52.0844
1,-7.02628,-5.05234,-7.76849,-7.95953,3.79009,6.52882,-0.185247,-0.925016,3.06864,102.721
1,-1.62999,2.79824,-8.01569,6.61184,-2.62734,7.55913,0.400708,9.24558,-2.10608,-64.7857
1,4.51399,2.61208,-2.51747,6.2682,7.0513,-8.72127,4.87167,-2.75246,-5.28794,-92.3385
1,6.37928,5.67431,-4.52132,1.26438,-6.50563,-7.51518,5.14206,-1.72399,-4.41145,-92.7435
1,-6.58071,0.884121,-5.17502,-3.62774,-5.49852,3.1608,3.96832,3.40495,2.8666,43.7955
1,-8.87936,-3.40983,9.04477,-3.58623,-3.84747,-6.74062,-2.62917,-4.47127,9.22239,57.321
1,-5.27573,-4.78378,2.49672,5.1207,1.65624,-4.57991,4.24299,-3.24198,4.28266,-42.9128
1,-9.56847,4.01105,2.61391,-7.47246,4.39741,-2.38197,0.478835,7.28263,1.83874,125.094
1,-0.0967437,-9.38414,3.43547,1.06967,-3.00821,1.45177,5.2855,-9.54711,-9.98718,-94.881
1,0.939055,4.96139,-4.3553,5.88061,6.70461,4.47615,-4.07086,0.773034,-1.88818,10.721
1,-7.96442,-2.21229,-8.06574,3.36406,-6.76321,3.81878,3.41533,4.77035,7.76482,-30.1766
1,5.13169,1.39012,-4.70138,-7.77093,-4.65743,4.66903,9.54955,-0.242012,-5.70177,49.7841
1,6.02405,2.25806,-3.02957,-0.347606,9.97009,-2.52663,8.95993,-5.58763,2.60537,79.6003
1,1.51402,-7.08914,8.59798,-0.841395,2.84646,-9.02707,3.11502,4.84787,-8.00043,-123.068
1,3.01492,-6.00818,-5.31297,4.64278,9.89074,5.08225,7.86615,0.953093,7.83563,28.8119
1,7.37724,2.3191,4.39802,4.62142,-6.96158,5.12436,-6.94449,-1.90527,2.2898,-12.7214
1,4.33576,6.59963,7.72088,-8.72555,-2.10486,2.07251,-0.23835,-0.972625,5.23606,193.107
1,1.57567,-3.28532,1.66112,-2.79336,4.99496,-8.37092,-8.0871,9.9414,-9.11069,-129.733
1,-2.06641,-7.83624,-1.7008,-1.32176,-4.60555,-0.939665,-5.50035,-4.7734,2.83486,-61.1267
1,7.86187,7.57927,-1.01352,-1.76611,-5.35875,9.28831,4.78744,-3.16568,4.46089,140.444
1,2.06763,2.42897,7.88446,3.64971,-5.28733,-7.82403,0.633259,4.31013,1.35899,-67.4122
1,-9.69787,0.218207,-0.831019,9.4171,7.7929,4.04767,-5.08347,-7.92901,-4.66659,-11.8425
1,-0.674154,2.13538,-9.01852,-2.27638,-7.66717,9.96338,4.79843,-9.18332,-9.91211,12.6546
1,3.60515,9.12839,4.13251,5.01755,-7.17826,3.56548,2.25501,3.25968,9.52025,77.3562
1,-8.57784,8.14814,7.22648,2.56996,7.78008,1.50304,-6.95608,7.97235,1.47801,110.626
1,-4.74105,-6.49037,2.50587,6.6863,3.40556,7.17277,-1.02939,9.65941,3.20231,-36.2422
1,4.17524,-8.83541,6.31947,4.9382,9.48302,6.70705,-3.71746,-7.64702,-5.88977,-23.4429
1,-4.16425,8.95566,6.84988,-5.00473,-5.68163,7.32353,-1.38218,-5.88549,8.57479,244.02
1,5.06638,-2.20008,-2.50526,1.1594,2.61452,8.82138,4.72518,4.72091,-2.22571,7.23384
1,1.00375,9.60448,2.55959,-3.44646,-1.39927,2.54677,3.91339,-0.197455,3.36772,156.755
1,-4.63301,-7.90521,-8.69625,-7.2045,-0.920743,-6.39454,2.93008,7.13553,-4.67818,-115.656
1,6.35182,2.49794,8.33613,-7.95465,-4.91623,-0.0570696,4.02264,4.08246,-7.80816,35.9771
1,-2.5602,-0.364086,9.22056,-8.02301,-0.909757,-8.13654,0.414747,-3.48064,5.81042,97.6851
1,6.48305,4.75631,1.27903,-8.96542,-6.25294,9.8175,-1.45604,2.86843,4.42854,164.942
1,8.01508,6.85904,8.30683,-0.340281,-0.40376,4.55,5.15427,-2.32093,4.89242,152.712
1,-4.5201,-2.74209,-9.37559,6.4452,5.15793,-1.3065,-5.51439,-8.35078,-4.68551,-104.871
1,2.51381,5.34532,-3.47697,-4.90585,-0.300607,5.03769,1.23875,-3.04178,3.92621,137.93
1,9.34263,-1.96631,-4.54634,7.77764,1.84729,2.13233,-3.05277,6.02832,6.59536,-81.1672
1,6.29994,-1.53172,-8.37458,2.64809,9.65087,3.77361,-0.0143437,-6.31458,1.34556,20.8364
1,-5.2324,7.23991,-4.22163,9.79125,6.39882,-1.94983,-3.56548,-2.02673,3.15165,0.0292888
1,8.61751,8.07733,-4.44624,5.27329,0.514237,9.04538,8.3404,2.8489,-9.04172,2.22523
1,-4.72884,-4.22712,5.84948,-4.83871,-4.25947,-2.96182,8.28791,6.36952,-5.1323,-30.3728
1,-3.55693,-5.4033,9.22361,-5.09018,8.67183,6.35975,-7.93207,1.54515,-5.45274,82.5041
1,-2.48085,-6.17176,5.74206,7.93451,-3.81512,-8.91659,5.04074,4.38581,1.16977,-169.969
1,0.958586,-2.62795,-7.81182,-8.62239,5.46251,-9.45494,-3.59722,-3.83343,-7.10074,-52.7021
1,0.518509,-3.45561,4.81429,1.96997,1.59093,8.51741,3.20902,4.19599,1.62572,43.7673
1,-8.56441,-4.10504,-9.70763,5.44359,9.94873,1.59093,-3.89508,-0.497757,-7.30094,-92.5939
1,0.312204,-6.25538,0.991546,-2.45521,0.218818,3.54656,4.46516,4.15326,2.31605,12.7944
1,-7.53288,9.13938,4.61287,-8.87265,-5.44115,-0.0234993,-7.32658,9.47874,-0.86642,111.371
1,5.69262,2.24464,5.49425,2.25196,6.78762,-4.22468,9.96094,7.15262,-3.24381,-6.80317
1,-6.85415,-7.846,9.2584,9.57701,1.68798,-7.72332,-8.63033,-3.38115,-2.03528,-162.291
1,-1.38279,4.68856,6.09119,1.93396,7.56218,1.27354,8.14692,-5.88183,-5.41551,96.1309
1,-6.41774,-1.21189,-3.59233,-5.66454,6.69485,5.6737,7.12271,-2.03894,-1.1362,125.782
1,8.97519,-9.04599,5.7683,-3.98785,0.389721,-5.58092,3.37382,-4.20637,-6.5508,-88.1246
1,7.44438,-0.553301,6.85598,8.23542,1.70568,-6.81387,-1.07944,3.64055,6.3567,-80.2599
1,9.6411,9.30906,0.28901,-8.2403,-8.98556,1.53722,7.25028,1.85339,2.06702,119.612
1,1.61046,-4.34004,5.77258,-2.25684,7.63237,-7.60918,9.35911,-8.84518,-1.63915,25.4784
1,-3.12296,-2.82876,-9.96033,-3.65886,-5.76891,5.63707,-0.184637,-8.77743,7.78008,61.4403
1,-2.0481,1.37181,-1.09531,4.13129,1.3712,1.70202,2.12439,-6.08936,-2.4955,-0.364051
1,5.52049,8.1164,1.28574,6.24195,5.97766,8.96481,5.4033,-6.05762,2.59987,141.788
1,0.278634,6.86636,6.50258,4.58357,3.81268,2.37465,-2.06946,7.56767,9.65575,106.571
1,0.657674,-4.94003,2.0011,3.61553,2.81594,9.01364,1.24485,-4.57381,0.203558,29.8846
1,-5.94714,7.51946,-6.60268,-7.01956,4.44197,3.83038,1.1362,2.44301,9.9292,214.44
1,9.99878,1.96387,0.278634,0.503861,-9.08628,6.65273,7.85333,1.02206,-4.86007,-22.1119
1,-9.89319,8.66573,6.34999,-8.00348,-7.38334,7.08975,-2.36793,5.24644,-8.69503,126.977
1,-3.46904,-9.6765,-8.49788,-2.60353,-9.87487,-5.39781,1.49205,4.92904,-2.90628,-197.051
1,-1.21189,-7.70501,6.53981,-2.10486,-3.60271,8.68587,1.94311,1.28758,7.45415,75.0136
1,1.6953,-5.27207,-3.56792,-5.31846,2.53578,3.10831,3.15653,5.20859,-0.00762963,13.0357
1,0.229804,-6.48915,-1.60253,-0.580157,9.68749,7.74041,-9.55687,-8.5345,-8.14814,6.17062
1,-2.21229,-3.65642,8.64559,6.64663,1.47008,-0.116276,-2.10608,8.39473,0.439161,-67.3229
1,-7.74773,7.21915,-1.64159,5.05661,9.91455,-5.42344,-9.39634,-0.693075,-7.63237,-27.973
1,-2.89102,-3.19498,8.87936,-9.59166,8.84518,5.62426,5.53331,5.52538,5.0145,210.015
1,2.28248,-9.11924,-8.94345,1.08066,3.95367,-7.29362,-4.27168,4.62874,-3.39824,-195.448
1,-3.04605,0.195624,8.22932,8.89279,8.4991,7.22648,1.40416,8.79452,3.83526,53.502
1,-3.867,9.81811,-1.49754,8.80612,2.09387,-0.179144,-6.68752,4.49202,-9.02097,-70.9208
1,-3.53069,0.0552385,-5.60839,-9.69115,-6.85171,0.735801,-3.98297,6.97378,0.918912,20.5007
1,-3.01309,-9.97559,-7.66961,-4.28449,0.971404,-9.98413,5.31358,-8.47224,8.35139,-43.5228
1,6.1211,-5.82507,-2.32765,-1.04221,5.50035,7.48161,8.30256,0.773644,2.8843,54.2506
1,-5.0029,2.25806,2.86966,4.27656,9.07407,1.40538,-7.09769,-3.05338,7.16849,94.3413
1,5.56566,4.81796,8.83724,6.12842,-7.82403,-7.63665,-9.49217,8.85128,-1.19358,-135.591
1,-5.94348,2.75002,-6.04602,-3.35734,5.21348,2.97952,9.08017,-6.92068,2.68227,142.622
1,-6.44704,-1.54332,-8.46187,-2.10974,5.1207,5.34104,6.6332,3.84014,-1.8601,39.7365
1,-0.0302133,2.81838,-8.32942,-4.31745,-6.35365,-5.36729,2.4247,-9.34629,9.58068,50.5697
1,-3.3256,9.62035,0.548418,-8.88607,1.42491,-1.71545,-7.12394,-2.0426,-6.94937,110.653
1,-3.95428,-5.62853,-8.95199,-4.69466,1.92602,7.11905,-3.31889,1.6599,8.4521,69.209
1,4.71908,-9.4879,5.78295,2.7134,-8.38557,-7.9284,0.497757,1.99072,-1.2888,-198.308
1,-9.588,3.34391,9.57579,-1.59337,-8.48628,-3.14066,6.41713,-7.83807,8.07184,120.62
1,1.72094,4.20759,-6.26148,2.28919,-9.14487,-4.45906,1.21982,2.31056,2.65664,-81.9688
1,6.77175,0.949431,2.90201,1.42674,9.18149,-3.49162,-8.97641,3.16874,-5.89587,-49.7536
1,5.85803,6.90725,-5.14084,7.6165,-0.232856,1.26011,5.31724,-9.58251,4.65865,29.5287
1,-0.760826,-4.19721,-1.45909,2.99112,-8.20307,8.46919,-9.49889,-5.69201,5.04135,-17.5367
1,0.784021,-3.48308,-9.92737,8.22382,4.06354,-4.5732,5.42039,-9.00937,-5.77929,-150.182
1,-5.07309,0.943327,-9.48668,-7.1221,0.751671,-2.3484,-0.870693,6.94327,-9.57274,-47.2826
1,-1.7893,-6.89138,4.79598,-2.77993,-2.40211,-6.8096,-2.79885,-0.097354,-3.69854,-93.1899
1,-2.50832,1.06784,3.96832,-0.821253,-2.57179,-5.81164,9.91577,-6.89688,-2.7311,10.7571
1,-0.918912,-5.77441,6.53188,7.94488,4.05316,-1.33702,4.1026,-4.2552,-0.377514,-58.5522
1,-6.48,-0.596026,-3.48308,-1.58666,-9.5703,-0.972625,-3.99762,-3.35246,-9.62096,-99.6562
1,1.03854,6.92801,5.37523,2.53822,0.985443,3.48064,9.54283,-0.465407,8.5699,154.598
1,3.79254,3.04727,4.80392,8.10907,1.05258,-2.10974,-2.37465,5.91113,-6.11438,-104.739
1,-4.44441,-8.51192,-2.30934,-3.3964,-1.26072,-8.60225,-0.854213,-0.0271615,-8.43989,-153.513
1,5.75243,-7.17277,3.10953,6.36647,-1.58483,-5.58153,7.13553,5.27146,-3.39152,-182.009
1,-8.44111,-8.78658,-5.45824,0.252998,-1.67333,1.59825,-0.0381481,8.37458,-1.48778,-107.909
1,-5.69323,1.29734,8.20917,0.808435,2.06153,-6.01245,2.62612,-0.96408,6.10462,61.2345
1,-3.80963,1.5006,0.534989,3.52641,9.29991,-7.34916,-4.15387,-9.27549,-9.93103,-55.3017
1,-2.02673,-7.19779,-6.37806,2.46071,-9.5996,8.16523,5.26658,7.34123,-2.70058,-118.319
1,-0.0808741,1.43712,-1.83935,5.94531,-6.63869,-5.11277,0.732749,-3.31584,4.10016,-82.1269
1,-1.15635,5.23362,-0.575274,-8.90744,0.384228,8.56258,-0.932951,2.8544,-5.67064,140.878
1,-4.82894,5.50462,9.94446,-1.73376,-5.49974,-6.17542,6.87735,-0.676595,3.14005,74.2415
1,-9.67528,-3.43181,-6.66189,9.83886,9.97681,0.441603,7.02445,-8.50398,0.957976,-24.9093
1,7.32963,3.77606,-1.74841,1.88513,4.28694,3.72967,-4.19843,7.35893,2.44118,23.7587
1,-1.2949,3.06742,7.46086,1.00986,-7.33879,-6.66066,-3.18155,2.60659,8.27876,0.829281
1,-2.9722,-1.13559,2.95755,-9.70153,-5.87024,0.917692,8.16218,6.25538,-5.44053,41.9324
1,5.71032,2.61391,-4.79843,-5.55467,-5.01938,0.713828,5.0792,6.53554,-9.23154,-44.2196
1,5.49486,9.3408,-7.1746,-9.97436,7.28385,3.45561,-2.45827,-1.82836,5.53514,217.775
1,-8.07489,8.59554,-2.77749,6.94388,6.43056,5.6444,-5.88733,2.98074,5.7329,96.8316
1,2.87759,4.84054,-0.0387585,-2.03284,4.65316,0.0521867,4.78072,-4.06598,2.11097,110.977
1,7.70501,-0.561846,6.02832,8.88913,-1.58116,7.4749,1.4243,4.06476,9.15098,16.27
1,5.45091,0.148015,0.447707,-9.18577,2.58583,-1.35044,6.35304,-4.52864,1.69103,115.605
1,1.51524,-1.03183,8.71639,4.51155,-2.06519,-2.54616,2.87881,-5.39109,5.54979,9.67295
1,-6.10645,-3.32072,0.911588,-7.68731,-9.77966,-3.05094,-4.95102,-3.02103,-0.756554,-13.8766
1,8.04315,5.60289,-1.14719,-2.09815,4.58052,2.3954,-2.57973,-9.12717,-6.87307,64.2072
1,-6.05457,-7.51335,-7.34733,-1.55431,-8.79086,5.45335,6.24256,-0.0558489,0.737022,-50.3346
1,-7.66106,6.55507,-6.0564,0.3708,9.20286,6.68142,7.39433,0.60152,0.553911,152.687
1,-4.87289,-1.34556,4.7203,-8.58577,2.15491,-9.02646,-9.12046,-6.37684,3.34696,64.7374
1,-5.71032,9.19797,7.03482,-1.4713,0.975066,-2.97891,6.21693,-5.83972,-8.85067,89.3196
1,5.48326,-6.71316,7.33573,-6.80776,0.472121,7.50603,-0.498367,-4.92782,-8.86105,42.0685
1,-7.74957,-1.96081,-7.87774,9.07102,9.99817,-6.19251,6.88955,-8.75057,5.93982,-29.9023
1,-7.19718,6.66982,9.93286,-9.14243,-9.96765,-5.62304,2.56142,3.87982,3.75164,117.566
1,-1.65319,4.8442,5.74145,-1.83508,-3.28715,0.1236,3.18644,-7.26005,1.98218,107.849
1,8.15485,-4.88021,6.24195,1.42491,6.43056,1.14475,-6.38234,-1.0831,7.163,32.1528
1,3.11014,3.86517,-6.15467,3.05948,0.286569,-3.00638,2.71401,5.01083,8.80306,-2.47466
1,8.21894,-0.933561,4.81491,5.96728,-2.49611,-2.6426,6.07288,-9.91089,-7.41874,-89.4271
1,-3.60881,-3.63506,-3.5551,3.57524,7.9577,3.84808,-0.0106815,-2.65542,6.28773,46.2359
1,-8.61446,5.46007,9.69115,3.95306,-8.6523,-4.51765,3.52702,9.84069,-5.80187,-68.1644
1,-2.68838,-8.84213,-5.18601,-6.0094,-1.16855,8.78903,0.705893,3.91339,-5.56505,-18.5552
1,1.37303,-1.75451,4.98886,-8.58577,5.95141,9.5642,1.06906,-2.51808,-8.41731,135.906
1,0.890835,3.24076,0.0503555,4.00861,1.07212,-3.22855,-2.10364,-6.84194,-8.46675,-64.7932
1,-6.27857,-4.17035,-8.35505,3.31645,4.33882,2.996,2.35206,6.80349,-9.62584,-113.282
1,5.43992,3.25114,9.76928,-6.56484,-6.45436,7.57012,9.37559,1.49937,-5.00595,120.164
1,7.43767,-6.26453,6.71987,-6.15955,-0.867641,-1.3242,-2.35389,6.36219,-1.94678,-30.8171
1,-4.68673,-1.01962,-5.72069,1.54393,-5.91479,2.00232,5.99353,7.69768,0.841395,-54.9551
1,-1.22227,6.44704,8.25556,-9.36033,3.28654,6.2505,3.74004,-5.14512,-7.41508,210.444
1,-9.31211,-1.06845,7.23685,-8.86349,-0.76693,6.83218,4.53719,-8.57173,-3.80963,175.232
1,-0.78341,7.33451,-5.99719,3.10831,-8.07489,-3.3256,0.0283822,-6.44093,2.99783,-15.5076
1,-7.84112,-0.464187,0.939055,-8.21345,7.10807,8.43989,-0.105289,-2.82571,6.40675,233.342
1,-2.52113,-7.99005,3.0137,2.68654,6.1919,-3.6259,8.92148,-3.55754,5.05844,-6.51087
1,-4.34187,-5.45152,-4.27778,-1.06967,-1.67455,-4.54695,1.01108,-5.12558,7.59941,-18.2794
1,-1.30345,-9.06064,7.5573,-2.1897,-3.70586,-5.56749,5.29099,8.75729,4.64095,-63.6137
1,4.9321,9.87182,-1.30345,8.0401,2.31117,-6.67348,6.59108,-5.54369,-1.88635,-25.0389
1,4.70931,4.24116,1.62389,9.73388,-9.95422,8.92392,1.62755,-0.828578,-1.41453,-44.8141
1,-2.83547,2.08594,1.97729,-1.55065,-9.73083,-7.93695,2.02124,-5.16709,-7.76666,-85.6233
1,-9.16807,-2.29225,-6.13697,-9.33592,7.61162,-4.74288,5.24644,1.33396,-9.59349,12.9888
1,-5.31297,6.83218,6.99087,-7.92352,4.10871,4.21674,-8.94833,-8.24702,7.97418,269.303
1,8.50826,-3.19254,-0.265816,4.88998,5.3795,-7.24845,3.98236,0.627155,-1.45909,-114.107
1,-5.32151,6.34632,-8.04559,0.748619,5.15427,6.63625,6.91031,-4.52803,1.0007,128.661
1,2.67678,-2.84951,2.36183,9.41282,4.45601,7.99249,9.62035,3.33048,-9.49156,-71.5936
1,1.77099,6.41896,-3.30546,4.64522,0.152287,-1.52501,-9.78759,1.15818,1.0062,-33.4161
1,-0.0778222,8.25617,-3.36406,-4.51765,4.58846,-2.48878,-3.50871,0.901212,9.81933,150.366
1,8.0224,-5.64379,-4.90768,-4.0379,7.23258,-7.56157,7.80511,-5.35936,7.66533,17.594
1,0.993377,-5.19089,8.94223,-1.14231,5.01083,-9.6765,-1.35655,4.18134,-3.73882,-77.0133
1,3.38298,-6.39515,-6.83157,-1.18442,-6.22303,8.44966,9.9707,6.16504,-6.81143,-85.8925
1,1.6538,8.57662,-1.92846,7.14774,-7.81365,-4.58785,-4.73434,3.4312,-3.19681,-115.052
1,9.95056,0.125431,2.537,1.13132,3.94696,1.44993,-4.15387,7.67388,9.94507,39.8536
1,-8.53328,7.116,-6.15467,-0.349437,-6.81082,2.90506,3.18094,2.82754,6.245,74.6078
1,7.5811,2.82144,7.31498,9.31272,8.51558,-9.57396,-9.19126,7.28141,7.1044,-69.0265
1,3.61858,5.02609,1.2656,1.22837,-4.91012,2.87027,9.58922,-5.21104,6.50624,98.2418
1,9.24009,-2.11951,-0.0631733,4.31623,6.08814,6.38661,7.62139,-9.39573,-7.63604,-1.87968
1,-7.35893,-7.91681,-7.89178,9.46837,-2.38746,4.92355,0.523392,-7.16727,-6.55385,-159.229
1,4.35896,7.22037,0.268868,0.943327,-4.69283,5.50523,-2.313,-5.12131,5.91052,104.256
1,3.54228,-7.16788,5.30747,-3.87127,1.06296,-2.34962,-7.0336,4.03851,-7.00491,-88.1079
1,9.91089,6.90237,5.43809,-6.87674,-5.28977,2.45338,-7.59331,0.921354,-3.50627,70.5743
1,7.70745,6.43422,4.66597,2.19398,-3.43974,-8.26044,3.97259,6.14063,-3.49712,-70.4949
1,4.41877,4.86435,-2.65358,9.25535,3.02896,-9.49583,-0.196844,-7.61711,-3.75103,-117.483
1,0.724815,6.41041,0.013123,-6.76565,3.46232,-2.84158,-9.22666,-7.7105,-8.76766,62.8574
1,2.20191,1.08798,-6.51051,5.77563,0.433058,-8.05475,-9.13266,3.9848,-5.80859,-193.146
1,7.27287,9.80285,8.24824,-9.26695,-7.96869,5.22385,-5.66393,-8.92087,8.1695,242.188
1,6.26087,-0.0534074,-3.12601,-3.45683,2.9667,7.04031,-4.12519,2.95145,0.732749,57.9716
1,1.09287,-3.29569,-3.61614,-1.97424,0.384838,-6.52394,-2.36854,-6.92862,-1.54576,-61.0388
1,-9.06186,6.36647,-4.89547,-7.16117,-9.25596,4.82589,5.81896,3.23466,9.4818,160.6
1,6.22608,6.63381,-7.81121,9.08567,6.021,-2.59194,-8.53694,-9.7412,4.14106,-22.2861
1,2.22388,7.1807,9.52757,-3.66314,7.86615,6.88833,-9.45494,2.7427,-9.38108,128.242
1,1.66051,-9.70458,-8.20368,-2.98379,6.36464,-9.21079,7.63482,-5.8507,-8.78536,-139.677
1,-3.10343,-0.911588,-4.81613,7.7459,-9.05454,-1.59276,-4.31501,2.313,4.691,-131.269
1,7.8338,6.3976,0.274361,-0.699179,2.15308,-1.91137,-6.05518,-6.02771,5.3502,78.8125
1,4.09223,-2.52602,-6.19678,9.48302,-3.8316,1.76244,-2.45094,-6.08081,-0.686972,-133.959
1,-7.46269,-4.11176,-6.95914,1.13193,4.72335,0.817591,-9.447,1.41758,-3.78094,-70.2877
1,-3.19071,8.52168,-2.46132,-5.77441,-5.65538,9.25718,-8.72005,-2.77566,-3.53557,124.101
1,-1.81738,-7.24723,5.75549,-1.05747,5.79638,6.99515,5.10239,-5.27512,-3.13639,63.905
1,-1.10202,-6.97928,3.24808,4.96261,2.07617,-4.36811,-4.73617,0.500809,7.30766,-71.9216
1,4.59822,-6.19922,-9.66124,-3.83404,-1.28025,1.88269,-2.85989,-4.51949,3.06864,-25.8365
1,-2.37709,-3.43364,-1.76611,8.78414,7.34062,0.456862,6.53432,6.66066,-2.70608,-92.0293
1,4.10688,2.28187,-2.35267,-5.31724,5.76952,1.15574,-6.61061,-1.46947,-3.48735,57.2969
1,-4.45479,9.92981,-8.93124,8.55342,2.05542,7.70135,-9.73449,0.18891,-0.800501,16.3243
1,0.935392,-5.90075,5.45946,-9.07773,9.60814,-2.77444,6.66066,1.5598,-2.95389,75.0945
1,-9.35545,-2.17139,-2.125,6.33229,5.00778,-2.66274,3.78582,-1.3889,8.17499,4.3135
1,-2.29225,3.41533,6.44765,-2.34046,-9.21873,-1.91565,5.33738,-1.41697,-3.63628,12.8138
1,-7.11966,-3.48308,7.75628,-7.52983,-1.58605,4.17951,-5.4796,-4.69955,3.40007,129.915
1,0.235298,-1.02206,7.06351,3.68511,-0.267647,-1.78137,-0.224311,3.34269,0.069277,-37.9071
1,1.19114,-6.83218,-6.53493,7.12027,2.82083,-5.18662,4.27534,1.39866,-1.9779,-177.068
1,0.606403,-3.81695,7.38762,6.20838,3.72234,5.41368,-0.844447,6.94021,-9.8236,-81.5242
1,9.82971,5.39048,-2.67067,9.11069,-9.42625,6.96768,-8.17072,-4.07514,-4.83993,-97.3194
1,-9.81445,-4.97238,-3.60027,-2.37098,8.79452,8.07489,9.90539,1.40294,-2.07556,91.1021
1,-0.630207,-0.155339,0.459914,-6.92801,0.132145,9.44884,4.4554,-2.76284,-4.5262,122.993
1,-8.95627,3.40861,9.35362,-8.38801,6.92679,-2.40883,-2.86843,9.83642,9.95972,202.811
1,8.23115,7.44621,7.85699,2.01941,-5.33677,-2.62246,-0.837123,-1.57079,-6.44765,-23.9099
1,-0.945158,-8.98495,-3.52092,5.80676,1.39988,-8.30683,-3.81451,6.81753,1.92236,-201.723
1,7.62627,-8.60469,5.64013,-8.33125,1.03244,-0.631428,8.74569,6.47023,8.69198,66.3161
1,6.96341,-6.03015,7.59209,-7.52495,1.54393,-9.71801,4.93759,2.25867,4.74654,7.0311
1,8.99594,5.90197,1.83935,-2.7842,2.05481,3.02347,-1.50548,-7.55486,-6.99026,71.1749
1,3.54839,6.78823,7.84478,-3.6784,-5.97217,7.26737,-8.84152,-9.39879,3.09061,162.478
1,-9.33836,-9.63866,1.42918,-4.50911,8.2226,5.15427,-0.638142,0.58504,-1.19358,56.3655
1,8.18598,8.764,8.33369,-6.6393,-5.86962,-6.9158,-4.02264,7.3986,4.738,67.1407
1,-7.79717,-1.50121,2.11829,7.98456,-2.52968,5.99536,4.77645,-0.544145,0.0704978,-16.8645
1,1.09348,8.94345,4.07575,-1.67028,-0.467238,5.26719,6.31336,-0.409864,7.02689,191.712
1,3.3726,6.99332,2.28675,-4.45173,-4.48592,-5.16892,-6.16321,-7.84967,2.61391,67.6746
1,-9.17966,9.98108,3.45073,-6.69424,-6.40309,-8.81039,8.90378,-3.38115,3.9024,131.213
1,1.77099,5.9917,-1.0947,-3.72234,7.28874,0.448317,5.66698,-3.89264,-4.06171,113.242
1,4.65377,-1.12461,-9.86267,-0.517289,-2.68777,-9.56297,8.59798,-0.610065,7.54631,-68.5267
1,2.40761,7.0513,-6.21326,-3.46904,-5.40819,6.0918,-9.13877,-0.209662,-9.84741,-0.890194
1,-2.9783,4.33332,3.28532,-0.148015,-8.37031,-3.38054,-3.58745,-4.45296,4.19477,20.9308
1,5.32456,-4.95468,-6.42506,3.84198,-1.33335,-2.26417,-1.36021,5.37584,-4.51277,-178.437
1,8.20856,8.8348,-3.28837,-4.55733,7.26737,-7.57866,-8.9581,-4.97421,7.24052,107.498
1,-3.00394,1.8424,-4.97116,-7.90887,1.65502,8.8641,-4.92538,-3.68267,-7.20084,101.4
1,-6.77786,0.84994,5.76098,-5.80126,9.71557,-0.348827,-6.53554,-8.06879,-5.50951,120.558
1,9.87976,-6.31458,4.83932,-3.8084,0.108341,7.20023,1.10874,8.70357,3.34025,30.9631
1,1.0239,-8.38435,-6.37501,2.09021,-4.32966,0.652181,-9.40245,9.90905,3.07352,-159.971
1,4.65316,3.60149,4.98276,8.29707,-0.432447,1.36082,1.41942,-1.83874,7.48222,27.0831
1,-0.0271615,-6.13269,9.91089,3.12357,5.89038,1.0654,3.03629,-9.12351,7.37663,78.4318
1,3.97565,7.39799,-7.07144,-7.43522,4.1026,-9.24436,-0.824915,2.24708,-2.36061,24.682
1,-1.16123,-0.491043,-4.49263,-8.94589,-8.91903,9.11252,-3.66314,-6.25233,5.14695,123.984
1,7.38823,-0.649739,-6.58864,-6.63503,1.14475,2.72683,9.69726,4.21125,-7.33634,2.49657
1,6.50319,-8.16156,-8.05658,3.28104,4.34431,-4.15632,7.53777,-6.91214,6.9158,-68.7631
1,6.87613,-5.97461,7.40898,4.97909,2.46132,-0.614338,-9.35789,-9.65514,2.14087,-45.1924
1,-9.91577,-1.87597,2.79763,-0.810877,-1.58483,6.61672,1.12217,0.0338755,6.74917,104.294
1,-5.94226,6.36036,6.98904,1.82165,9.19065,-4.5848,9.93957,2.19153,1.70446,114.767
1,-6.86453,2.59377,-8.02179,-6.49342,0.99765,8.93063,4.02264,1.75085,-9.48363,75.2454
1,-4.53352,5.57909,-5.74816,-0.489822,-5.02915,9.67833,7.9046,-0.663778,-2.75124,79.7121
1,5.27573,-9.2645,-8.76827,-7.3809,9.31272,-1.78137,-0.117496,3.71563,-6.17969,-67.5016
1,4.46577,2.33985,-8.76949,-8.81405,-1.07395,0.415357,9.22971,-9.2938,9.22788,156.043
1,-5.3209,-4.33882,9.55992,0.762047,8.18232,-6.3097,-8.69076,-6.33595,-1.97241,-3.51893
1,9.47142,-4.91806,7.79412,2.93008,1.99316,8.52474,-3.6491,4.86007,-9.37437,-61.9002
1,7.68242,-1.24973,-7.07327,-4.02264,-3.08878,-6.62343,7.61284,-0.297555,-8.04071,-111.175
1,0.84994,-6.52577,-1.11911,-0.66744,-1.57994,-1.54515,0.589923,-4.92477,-3.87432,-79.9969
1,7.92108,-7.70501,-3.90606,-4.67208,-8.45332,-6.30726,7.14042,0.257881,-8.81832,-175.982
1,5.61571,-3.41411,3.19437,7.81182,1.63732,4.10932,-6.10096,-4.24726,-2.00354,-69.7205
1,-6.57582,-6.06311,2.19642,7.46941,-6.83035,6.50319,0.226142,-7.19657,-0.908536,-65.5989
1,2.37831,-6.55873,5.36119,0.632649,-7.34794,0.30488,4.56648,5.0737,8.81954,-28.9516
1,-3.65825,3.8139,2.32276,0.888394,2.3191,-1.56652,3.50688,-5.87817,-3.48186,43.2003
1,1.36082,-3.53008,-4.96323,-0.755943,2.12256,-8.68709,7.28446,7.67815,-5.23118,-132.741
1,-0.901212,8.03888,9.21201,-9.6234,-3.15714,5.5211,-8.61812,-0.25483,1.92114,207.702
1,8.2757,-3.47026,1.91565,9.01608,6.83828,-0.687582,4.13495,-7.27531,-1.60009,-66.0237
1,-4.80575,8.88852,8.96115,-4.8851,-1.96448,-6.37074,-1.73559,6.66128,-5.0914,53.7117
1,-1.17161,4.15693,-2.3191,-3.7315,9.96826,9.65392,-9.26389,9.59655,9.10581,184.76
1,5.0737,-4.6086,-5.35447,1.63793,-9.7467,-5.94409,8.41792,-6.12171,4.31196,-110.854
1,5.20981,-2.01697,7.08304,6.06555,-5.36607,9.28587,3.54839,-1.75451,-4.71908,-29.2164
1,-9.95666,-9.59838,-1.38035,6.39393,-5.11887,-3.28654,-8.84091,-7.48527,-9.19431,-218.031
1,9.55382,0.366527,-7.00186,-8.83114,4.6202,1.89306,2.65969,-3.77483,-2.93985,71.909
1,-7.43156,-5.82263,8.41426,8.1164,-7.022,2.88369,0.50264,-6.79006,5.69018,-29.1168
1,4.55672,4.69466,7.10623,2.28309,6.85049,0.84872,-8.23969,2.28553,4.98215,84.4931
1,-8.08039,2.50099,-2.85012,2.29835,4.75143,-1.85888,2.39479,6.35365,4.34614,27.7179
1,-9.32554,-8.9642,1.11911,-0.261544,0.15717,-8.5699,5.9508,9.59105,-9.58556,-179.66
1,2.65664,1.93579,5.64562,-8.80734,-9.43236,-3.74248,2.14881,2.3777,-2.3777,23.8729
1,5.17991,9.38169,5.91357,9.63927,6.29749,-0.591144,1.03916,-7.41752,0.669271,59.4691
1,2.19214,8.4698,2.52113,-4.54451,0.166936,-0.850551,1.86438,7.68914,-0.571612,88.9012
1,-6.80044,5.02609,-0.191351,5.6444,4.68612,6.61367,7.56706,2.81167,-2.16712,66.7987
1,-4.70687,-9.04599,3.00211,-9.69359,6.43605,8.75118,5.197,9.19431,-3.3195,94.5785
1,7.33818,-8.64376,-4.69832,-6.46352,4.3907,-2.16041,1.40355,3.15165,-1.9187,-53.4166
1,-9.70397,0.0491348,9.36277,2.4131,0.164495,6.58254,7.16971,-0.688803,-9.1052,45.1323
1,-7.03482,3.74065,8.10114,-7.97479,-1.9425,-9.91333,2.98624,9.23032,9.96033,108.053
1,-3.4788,-0.830409,8.47591,6.06006,-4.96445,-1.77526,2.39723,6.38844,1.71606,-60.0648
1,-6.65029,-2.96854,5.93127,2.3191,5.13596,7.02445,1.50426,-5.85925,8.46065,137.809
1,-2.56142,-1.17283,7.29972,1.14414,0.290231,-4.58541,-1.44505,-5.01205,3.93597,22.4227
1,4.91806,0.793176,-0.180364,3.4373,-1.46947,1.30161,1.16855,-9.9762,9.09421,56.6222
1,-8.04376,2.20557,7.78985,-6.47877,4.45051,-9.44029,-4.27046,-0.83224,-6.31947,36.6793
1,0.646077,3.2664,9.76928,2.43507,-7.87591,-2.631,-3.42204,-9.52025,-4.88449,-23.6401
1,9.40062,-9.68139,1.19724,2.80496,-0.182196,-0.409253,8.8818,2.04566,8.85006,-53.6445
1,-8.66573,-0.175481,2.60292,-8.72738,-0.995819,-9.682,-4.34797,3.41716,-5.94958,-21.629
1,-5.30747,2.15796,0.520341,6.35304,6.51967,1.76672,-7.43767,9.22422,6.10523,13.2035
1,2.82449,-3.30058,-5.39354,-2.6017,4.16181,-5.57787,-5.9093,7.43461,9.25047,-25.5246
1,-8.43013,-8.62239,-8.55342,3.37931,9.32066,1.81616,-3.2371,-5.54552,4.27717,-20.6484
1,4.62447,8.62239,8.06146,5.78845,3.44829,-8.97763,-2.59255,8.61568,0.84933,-32.0006
1,5.74145,-1.22532,9.07773,2.37342,2.63649,-6.89566,2.79763,-4.19233,4.36934,5.17242
1,4.34065,-7.82342,1.26499,-1.34129,-4.85031,1.71789,-2.29347,1.20884,-9.33775,-130.785
1,9.32737,1.54088,2.41493,-9.1699,-8.28242,2.91177,0.993988,2.05603,-7.96258,14.7947
1,-4.68612,-2.35511,8.69564,7.85272,4.14777,-8.12067,-4.92599,7.60186,9.84741,-54.7666
1,-4.86007,-1.36631,-6.34327,-8.79818,3.32987,4.83688,0.110782,4.50362,1.88574,101.727
1,4.45418,3.40983,4.12824,6.51234,3.86029,-6.02771,0.202338,-7.29667,8.96176,29.5379
1,6.90054,-1.05014,-2.81533,-6.61794,-0.0759911,1.37181,4.38765,-8.46553,-3.30668,50.9213
1,5.8623,1.09043,7.19291,3.54961,-9.60021,-7.65007,-1.79418,-2.10425,-0.0643941,-103.746
1,1.84484,7.96136,-3.70525,-5.40819,9.75829,4.23811,0.42085,4.3199,-8.67367,109.226
1,-3.93658,8.98373,5.61754,9.176,9.20408,-6.24439,5.94653,2.57057,-9.0875,-27.265
1,7.83074,-8.53145,6.70583,4.56282,4.22468,3.73089,5.15732,4.785,-7.03848,-96.3313
1,0.912809,8.62789,-6.26087,-5.24339,9.27854,3.1016,9.14792,-0.573443,0.441603,180.029
1,0.541704,4.70199,7.15079,0.0827052,-4.75326,-6.51173,0.713218,3.72845,-0.995209,-20.1395
1,-4.96017,6.84011,5.23423,-1.84729,-3.35551,-5.23362,-6.42018,5.67797,9.54344,77.545
1,-9.84191,3.61919,-8.51375,-9.37254,-7.49687,-3.61064,3.95856,-9.72167,-5.8916,39.4027
1,-5.37461,5.91479,-3.04483,8.82565,9.08872,-1.87231,-0.829798,8.623,1.34373,-19.9661
1,-6.50746,-4.52437,-3.86151,-1.39683,-5.01083,-6.92495,-8.66756,6.27125,0.556352,-133.219
1,5.69994,0.365917,-6.19678,8.00775,-8.63765,4.832,-0.484329,3.11075,0.625324,-120.874
1,-0.53621,9.96033,3.95184,-4.00739,-3.55632,-0.502029,4.72213,-6.93106,4.43892,168.058
1,5.69445,-7.96625,4.09467,0.487381,6.15467,-3.09061,-5.5089,2.86294,-7.56645,-119.124
1,-4.44929,-6.95853,3.03995,6.64113,2.03284,6.32496,4.88693,-3.63689,6.02527,18.4011
1,-1.9657,9.20652,-6.46474,-1.31382,3.80596,-8.24213,-7.12027,-0.15595,2.17566,24.2538
1,-7.11905,-4.45845,9.58739,-7.70135,6.83828,-6.45497,-2.59865,-0.951262,9.01852,126.881
1,0.692465,-8.03461,-3.87494,9.11313,5.53758,4.73861,7.79595,8.3929,-7.94916,-160.551
1,-9.54161,-0.10712,9.21323,3.60759,-2.31605,0.696127,-5.13169,-4.08307,-7.50359,-27.1718
1,2.32276,7.92779,-5.47166,8.49483,3.24625,5.16404,2.52663,6.19861,2.57912,15.5652
1,-2.78115,-5.94897,-5.00351,6.73391,-8.88485,-0.741295,0.756554,-0.906095,3.74187,-145.033
1,-3.64299,-7.77581,-6.68203,4.44685,-3.66558,9.33409,0.899991,-5.14634,-3.9903,-81.6118
1,6.56362,-6.38966,4.03119,5.02487,-5.55162,-8.5461,7.13553,2.41066,-7.6104,-218.149
1,-3.25175,5.65966,8.34895,-4.13068,4.96872,-2.59682,6.74978,-8.78903,-7.02628,127.153
1,-5.6975,4.28022,1.00253,-4.7618,-3.773,1.4597,-6.69424,8.717,-1.11789,38.7482
1,1.44993,-2.21473,-3.0314,3.9433,-7.83074,1.86743,-5.83483,9.53124,7.34794,-89.307
1,-9.92615,-0.397046,9.17356,2.15674,-0.360424,3.35063,-2.63894,9.02829,-4.4615,-3.31445
1,-6.34693,9.83764,9.30113,-1.93823,6.72109,-3.27006,6.30909,6.04724,9.52452,210.415
1,-3.32926,-4.46272,8.90744,-3.7785,-9.99512,-2.52052,-9.43724,8.84579,-0.760826,-76.1667
1,8.80917,-1.57506,2.87271,-5.17075,-2.49916,0.530717,8.29829,-5.54491,-2.47902,38.9617
1,3.9787,6.84744,-6.11255,8.71029,-2.2306,-4.05866,-2.40822,-2.50832,-6.81021,-133.856
1,0.0485244,7.17215,4.02142,4.86129,0.0424207,-4.19965,-8.59188,5.57543,1.18992,-25.2384
1,6.74673,2.63161,-1.95593,-9.59655,4.12641,0.778527,-3.30973,3.37138,-5.98621,60.5048
1,-1.77709,2.60109,-7.80755,4.02142,-9.61669,4.76852,-5.84277,-0.517899,-0.334788,-68.6781
1,-9.24986,-7.73186,4.36323,5.2324,-0.137638,8.1579,5.02731,4.21918,2.03894,-6.42881
1,-1.99194,4.96994,0.0137333,-4.51704,-7.89727,8.66146,3.23954,6.22852,8.63948,147.479
1,2.61269,1.05014,2.7427,2.42286,-8.20429,0.378735,8.69137,-0.934782,-0.462966,-27.6808
1,0.749229,6.99393,-4.67513,9.01242,2.2898,-1.70507,-3.80718,-5.52721,4.56038,-7.49899
1,6.97073,9.37376,0.32075,1.82958,-2.20008,7.76299,-3.84564,-9.57762,-3.57158,90.3387
1,0.566729,5.93005,-6.23951,-3.25724,3.67534,-0.66744,0.723594,8.28608,9.91516,102.227
1,3.51299,2.95694,6.83401,9.81933,3.29264,6.74856,1.26499,3.51848,7.97174,60.3956
1,5.10361,-0.157781,-5.59923,-7.13248,5.63524,9.03134,5.14634,-6.29872,-0.0961333,150.421
1,7.98883,6.77236,1.95898,9.82604,-8.16584,1.31382,-0.641194,-3.22184,6.83828,-21.7825
1,8.7579,-0.455031,9.02219,-9.35057,-1.13865,-4.8735,-6.92862,0.686361,-1.5183,37.5415
1,-1.79785,4.63546,3.81756,-4.9675,-7.52251,4.75204,-9.54588,6.70095,5.11826,89.1537
1,-3.25602,6.1858,0.0509659,-3.55571,9.61913,4.07575,5.62731,-4.3907,3.54167,211.553
1,-9.25169,-7.80084,0.378735,3.00089,9.39024,-9.74181,9.13327,-6.70644,-7.21305,-94.2893
1,5.39964,3.22367,5.9624,9.53185,-7.79229,7.80633,8.79086,-3.48857,9.28587,51.5353
1,9.27488,6.00635,0.820643,6.02832,-2.57912,4.29792,4.20148,1.78747,-9.55199,-58.0029
1,-9.72411,-6.845,8.04376,-9.04172,-4.98825,7.84417,-5.79455,-8.95566,-8.7402,73.6202
1,-7.10074,7.67632,-5.39476,-0.986663,3.27799,8.79147,-4.98459,4.99374,8.2757,168.419
1,-8.72555,-3.72967,-8.28181,6.8334,8.82199,-4.26984,1.76122,-2.74514,-1.55858,-89.3674
1,-3.40251,-7.16788,-5.53148,1.18137,8.23847,9.30357,-2.05298,-9.13877,2.48451,63.3765
1,5.80432,3.41838,-8.56136,4.0379,8.51619,1.49266,-6.3683,3.09671,9.77905,36.7324
1,-3.67351,-8.5754,8.34101,1.65441,7.4517,9.08628,8.38374,4.04889,7.89178,111.273
1,-0.690023,-0.162664,-6.96219,1.69469,3.12601,-9.90661,5.00961,-5.99475,-7.81732,-115.918
1,-7.03726,2.25135,-3.20414,4.04828,5.28977,-4.38887,3.39457,-8.86959,2.66335,30.0516
1,9.84985,-5.07981,-6.12781,2.36549,7.31376,-8.23908,-1.18686,-8.34101,-4.44136,-131.583
1,-6.78457,-7.83074,9.56236,-5.46373,-1.5775,9.54405,0.214545,8.98129,-8.29585,20.1988
1,-7.60979,5.98071,1.61473,5.45213,-8.13288,-1.60253,-7.20267,3.67168,-9.30723,-112.012
1,-4.89914,2.25013,-0.679037,3.63689,0.852382,-1.52989,8.55892,7.27042,0.795007,-13.1639
1,-8.53328,-4.96323,-0.406201,4.05988,-5.55345,7.3516,0.179754,5.84521,-9.93835,-111.99
1,2.78665,-8.55708,6.10462,6.86209,0.472121,-8.32942,-7.0452,1.55919,-2.92398,-202.071
1,0.434889,8.94162,-7.25761,8.1695,7.01285,8.27143,1.66356,8.3697,2.43995,55.3541
1,3.16019,5.71032,-6.59169,5.82263,7.39494,0.212104,-2.76772,5.52904,-4.74715,-52.6057
1,-5.81896,7.26554,5.89404,3.89752,-4.37056,-9.03073,0.0509659,-2.6249,-7.92474,-65.5623
1,-3.18949,-0.474563,0.33845,1.87963,2.76894,1.21006,-0.381787,2.01514,-4.49263,-21.5676
1,2.34718,1.77892,7.91803,-6.66128,4.14533,4.76852,-8.97275,-3.90362,-5.34959,116.711
1,-8.20185,9.64782,-4.94919,-8.493,5.57604,-1.24668,5.98987,-4.78439,-8.99045,142.602
1,-5.63097,-1.41942,-6.46352,4.52132,-1.85705,5.15976,7.6397,-1.92358,-2.26356,-31.6982
1,2.04627,0.643635,-3.92193,8.66512,6.53188,-0.836512,-6.7748,-6.79373,2.65114,-42.2932
1,8.48506,-8.51924,2.00598,-1.12766,-7.99738,4.26435,-6.00269,-9.17722,-4.45967,-87.8957
1,5.99109,0.275582,-7.81915,7.17399,-4.9028,7.53655,6.85659,-6.80593,8.65963,9.64137
1,6.70949,5.58214,0.822474,-3.25907,2.41615,0.0509659,8.31111,-5.40513,8.8702,162.946
1,-2.28858,-6.94876,0.838343,7.84722,-9.64537,-1.68493,-0.270089,-5.64745,-0.38728,-164.413
1,9.25047,-4.32417,5.61022,-7.49809,-1.23325,-1.91565,-1.01169,-9.87732,-6.07898,8.66803
1,4.69955,-5.48997,2.65603,3.44279,1.53294,7.54509,-6.23402,-2.99112,7.528,30.315
1,7.32963,7.54936,-3.08817,2.06885,6.93167,1.14231,-7.27287,3.47087,0.280465,34.3942
1,-3.87799,-0.383007,-3.42936,-8.09931,-8.1811,-9.11008,-2.45705,-5.04135,-6.3329,-67.6572
1,5.44908,-5.93066,3.25541,-0.278024,0.736412,8.9819,-7.2045,-1.53417,-8.17499,-34.6843
1,5.51073,-1.45482,1.02573,7.25822,2.25867,2.01331,0.93234,2.2721,-3.97687,-85.5867
1,-4.72396,4.54268,0.0320444,0.599689,-2.92459,5.25193,1.49815,-0.316477,6.60939,107.157
1,4.61653,-5.45518,1.99927,-9.35789,-6.47755,2.97403,-3.21879,9.56664,-3.48979,-29.4889
1,6.02222,-2.26661,-1.97668,-7.6043,9.01181,-6.41469,5.73168,-5.70116,-4.24482,33.0798
1,-6.62099,-5.87207,2.21717,3.34147,4.6086,-5.54369,-8.74203,9.93164,-7.67144,-161.511
1,2.92398,8.66634,-3.81146,-2.62551,-1.44017,2.75674,-9.03867,1.80273,-0.614948,56.4717
1,-3.10282,1.85583,-0.317087,2.53517,-8.35505,1.30711,1.37059,3.94757,8.18171,5.21714
1,8.79574,9.37559,3.2487,-3.85052,-0.190741,-6.0387,9.46104,-0.954924,2.19459,97.3069
1,6.59902,-6.85171,0.258492,-9.48424,-0.616169,0.643635,2.91299,-0.954314,8.57479,79.5725
1,-4.03912,6.6155,4.01227,-9.66247,6.03504,-5.75488,-4.26923,6.86148,-5.09934,94.5979
1,-8.09076,-8.75546,-9.06796,2.44789,-4.81796,8.09626,7.12333,-6.63259,4.76608,-16.1459
1,9.85534,-2.29835,-8.07855,4.68307,4.03241,-8.60714,8.15424,6.13758,3.0015,-135.971
1,3.11869,-8.82382,-9.83581,8.55098,2.83792,-4.85397,-7.80755,-9.30723,1.6129,-190.765
1,-6.43422,1.64586,1.36265,-6.97195,7.528,-0.290841,-6.38661,-1.91565,3.52947,146.287
1,8.38496,6.9573,-8.30195,6.48366,-6.03809,9.4525,-1.07944,3.54717,-1.9779,-39.5752
1,-2.82022,-0.984222,4.39985,-0.884121,1.72948,5.51073,-6.41041,-1.78014,6.3097,101.771
1,0.346995,0.572832,-8.88424,1.12705,-9.73815,3.07657,0.802942,-1.36143,3.52031,-42.4229
1,9.40611,-6.92312,-0.683309,-4.88327,-4.67757,8.399,8.54793,-1.40782,1.11667,30.6675
1,-6.82485,-4.71541,-7.43522,4.49812,3.58013,-6.91275,0.116886,-5.06211,5.0383,-77.3424
1,-5.83544,9.16257,5.07675,0.501419,-2.94534,-8.09381,4.82406,-9.3646,-1.43895,57.6613
1,-8.45576,-6.21021,-0.954314,-9.4293,-5.70116,-2.35145,5.67064,-7.61834,-5.056,6.5007
1,4.08185,1.4597,-0.838954,-6.07532,3.91278,7.47002,-2.8367,-5.79455,-6.93899,97.0798
1,-8.50337,6.32984,-4.02936,0.945769,5.374,0.89816,-2.69997,0.953093,-3.9433,44.4751
1,8.64193,-1.05258,8.60836,-6.37257,-0.632649,1.34312,3.05521,9.3292,3.29875,72.5385
1,-8.04804,-2.50465,6.77236,9.96338,-8.8934,-5.81286,-0.571612,8.21711,-5.562,-209.336
1,9.64293,-2.46559,-1.97851,0.0393689,5.64745,-2.4601,-5.39232,-1.52318,-8.27692,-91.2703
1,-2.78237,-4.35347,-6.22181,-5.33738,9.55992,-7.94794,-6.47511,0.757164,-1.40721,-34.7554
1,-6.9573,-3.83343,6.34632,-9.76989,6.08325,-6.30848,2.31117,1.28819,2.33924,97.7221
1,-2.2306,8.14386,-0.210883,8.25922,7.50053,1.20151,-0.318308,-6.08081,6.88711,99.6881
1,-3.2078,3.1016,-1.25401,-9.84191,4.69893,-6.71072,5.25071,3.07352,-2.22694,82.3816
1,-8.69381,1.39317,-1.67943,-1.76916,-0.342723,2.20923,-6.84988,-2.73904,5.95569,82.2562
1,-8.6877,7.35405,-6.41591,9.75219,-7.08853,9.72289,6.58071,5.65294,-5.04379,-39.448
1,-8.89523,9.60997,5.85131,-5.95874,-7.80511,-0.842006,-4.80331,2.69509,4.16669,135.105
1,5.42344,1.93396,9.67528,-9.71252,-0.0241096,-2.77932,-6.10462,6.6393,6.11072,116.502
1,6.57216,2.61391,-9.94934,7.52373,6.33229,-5.50035,-8.5992,0.929289,8.31965,-74.8498
1,-1.7893,2.38075,8.25312,5.75488,7.10318,-6.12964,-5.98682,3.60515,0.696738,-21.7118
1,-5.96484,3.53008,6.46901,-6.47023,4.27473,7.57439,7.12088,2.01147,1.15024,214.441
1,9.08872,8.85067,9.91577,2.41188,-2.39479,4.71297,3.12967,5.25437,6.98294,125.102
1,6.8157,-5.71764,-5.08042,2.08594,8.77438,7.88934,-8.21589,-9.95911,-5.5443,-17.1405
1,6.61733,-4.96078,1.68249,-3.867,9.32127,-8.89706,-1.18076,-4.81735,1.45054,-3.59189
1,4.88205,-7.04825,8.44478,8.47591,2.01147,-8.94711,-6.63137,-7.06473,0.193793,-149.956
1,-5.95264,-4.91928,5.75182,-2.23304,3.61187,8.48384,-7.57744,-2.3777,2.91787,103.378
1,-1.4774,4.72457,-5.40147,6.94998,-8.25983,-1.45665,4.48042,8.01263,2.2483,-96.3395
1,8.47285,2.72011,-7.93756,5.23179,-0.216987,-8.98618,-8.51558,1.12522,8.40876,-106.089
1,-0.149236,9.93835,3.5728,9.56114,5.16648,4.89547,-5.69811,5.60411,7.22526,83.1563
1,3.50932,-1.95837,-6.19068,9.84558,-2.58583,0.597247,4.62081,8.11335,-7.89178,-207.495
1,3.2194,-8.94955,2.68593,-3.47636,-3.61187,-0.163274,8.83358,8.42097,6.13147,-24.5283
1,4.97665,-1.68126,1.2241,-3.99213,-5.72497,2.26905,7.93512,-2.11402,9.52391,86.2289
1,-6.86514,7.73247,-5.37217,-9.06735,-6.11438,-9.10154,7.81854,6.45436,-7.44926,-5.68107
1,7.69036,-6.34571,-3.39396,-9.75768,-3.22733,0.128483,-4.56709,0.774865,-1.13742,-26.0325
1,8.61812,-1.77709,-9.98779,-8.82076,-6.97684,-3.39335,-6.92801,8.3459,-0.438551,-92.4952
1,-8.33247,-2.50465,5.36119,0.355541,5.68041,-9.4702,8.26594,3.93353,3.11014,2.33507
1,-1.36692,8.12983,-4.23261,1.4951,-2.67373,3.98358,-8.0224,2.83425,-0.472121,25.8407
1,-9.67833,-0.672323,6.1095,0.490432,-5.20066,4.62508,-8.4344,7.45598,1.75024,12.8502
1,6.67409,-2.62612,-7.8283,7.15323,-6.11927,-0.699179,-5.61876,0.659505,0.655232,-173.688
1,-5.98865,-5.59252,0.328684,5.72069,-3.36711,2.97647,-4.32478,5.46861,-6.80532,-142.57
1,6.38295,4.66048,5.47411,-1.41697,-4.86618,0.260933,3.3018,0.623493,-5.80004,7.46884
1,-7.77154,5.72314,0.924406,2.98318,-0.330515,-6.52455,-6.89688,3.14432,0.0711081,-30.4031
1,-3.31339,9.01608,2.40455,-9.60326,-5.91784,-6.37501,-7.55242,5.88,-0.885952,63.7351
1,-0.876186,9.04965,-7.86676,6.12537,-1.0593,-7.44316,-3.79192,-0.325022,-7.74468,-121.593
1,-3.14982,-7.78008,0.162053,-0.356151,4.89731,7.17215,8.85067,0.484329,-0.959197,34.5444
1,2.59865,5.44481,-7.25578,4.13739,-2.34779,1.32298,5.77868,-8.33247,9.26634,61.7655
1,1.55919,6.75161,2.95694,-4.99863,-1.13376,-8.67061,-0.389721,-5.77136,-7.43339,15.0136
1,-0.753502,-0.687582,-6.75771,-4.26191,5.38072,5.09262,9.95422,3.6436,6.96524,122.495
1,6.20045,3.77422,6.57094,-2.44606,-1.29917,6.32252,0.22248,8.37397,3.9256,102.499
1,-1.42613,-3.24137,7.67937,-7.10135,-9.91638,9.635,-1.25278,-5.13535,5.90197,139.178
1,-4.64827,7.1221,-1.95654,-3.19071,5.24766,-2.25135,0.73397,-1.49815,-9.55382,46.317
1,-7.38884,0.900601,-4.65804,-6.89383,9.50621,2.35267,-5.69445,7.07327,-7.43156,53.9648
1,5.65966,4.75326,1.07639,-4.81002,1.90893,9.63805,7.59026,5.93493,-2.55043,133.644
1,3.79376,-9.51903,-1.90588,7.7282,4.9144,-5.42711,-6.50136,8.35749,-7.1514,-253.69
1,-9.75402,1.21067,1.53539,2.85073,-3.79437,1.72643,5.93921,8.38984,-6.46413,-47.7783
1,-2.6896,8.22199,-0.837123,-5.83056,-0.912198,4.2375,9.92676,-3.10343,-8.48079,125.392
1,8.11213,5.76952,-5.96423,4.8851,-2.7018,-0.537431,1.89673,-3.6021,-8.27326,-87.6805
1,6.49648,-1.84484,-9.41893,-4.81429,-6.55385,-0.732749,-0.480056,-2.94778,5.27879,-20.2592
1,1.04892,-6.37135,2.49794,7.22709,-4.45723,3.54717,9.30174,6.86575,7.29972,-63.1638
1,3.79559,-0.619221,-7.99677,2.20069,-1.18809,3.18339,-9.97864,-8.05963,1.99622,-32.8036
1,5.04685,4.28205,7.30399,8.39167,7.66717,-6.76931,3.34941,-8.38313,3.78826,24.8359
1,7.82525,9.63988,5.68957,-6.75344,-7.10074,8.63338,2.34657,-6.50746,8.10846,244.765
1,-4.6379,4.51094,1.70934,-5.94043,1.52623,6.50258,-3.33781,-0.729087,-2.87027,135.568
1,1.6422,-1.60192,-6.42933,-7.22526,7.85943,-6.07715,3.57036,-4.2497,-8.07062,-7.62568
1,6.97928,-4.17341,3.0314,2.9783,0.0473037,3.33415,4.31806,-4.14411,6.70644,23.8454
1,0.953093,-1.75878,-4.96689,2.46376,5.41429,-5.14573,-0.380566,-7.81121,5.515,-9.42573
1,7.53899,0.141911,2.27638,-1.86071,7.4517,7.71172,-4.34492,-4.28083,3.63323,129.875
1,6.19007,-2.22022,0.769372,1.90954,7.99493,-8.28181,-6.88406,5.70238,4.1612,-67.2372
1,-9.52818,5.44603,-8.12006,9.28343,4.64278,-7.19779,4.7795,-8.03278,-6.42506,-84.0127
1,-8.352,1.50487,-8.58272,-1.89123,-5.87268,-8.35078,-9.22605,3.04605,-6.85537,-145.494
1,4.55611,7.84417,7.47978,3.89325,7.23502,-6.17176,-8.90622,-2.55348,6.07898,67.2709
1,0.693075,-5.43382,-7.94305,-4.51216,7.78924,2.19764,-2.23975,6.53188,8.35932,45.9322
1,4.89242,-0.0619526,-1.21921,6.55263,-8.38252,-2.55776,8.42402,5.57421,7.46147,-87.3752
1,0.918302,-4.20209,-2.41615,6.41652,6.94937,5.46129,-4.00983,-2.97952,-6.35609,-67.5826
1,1.9248,0.741295,8.96847,-6.70522,-5.81835,-2.74392,-1.17222,7.73309,-7.86065,-21.0143
1,-0.392163,2.98074,2.0011,8.10053,-1.40538,-4.08246,1.97424,6.40187,5.31663,-57.4191
1,2.00598,-8.45088,-5.65355,-9.11802,-1.13559,-4.96872,-2.45277,-7.12027,0.458693,-33.1829
1,0.33784,-7.19291,9.22605,-1.948,8.64925,1.67272,-9.98108,7.13065,6.13147,47.8526
1,-2.23487,8.0401,-1.5659,3.35185,-8.96725,-1.50975,1.20701,-1.98462,2.04138,-1.27761
1,8.62972,-3.19498,6.64907,9.42564,7.91314,-9.21995,0.850551,3.63445,-0.737632,-137.435
1,1.56285,-6.26148,-9.91516,2.09815,-6.13025,-7.77825,-5.13779,7.75018,-5.0267,-260.061
1,0.710166,-3.92621,-2.12195,1.93335,-8.10175,-5.9978,6.52699,-2.05969,-9.75402,-179.287
1,3.16935,-3.5667,5.88366,3.7785,-0.567339,-9.77477,-2.73293,9.82788,5.25864,-119.63
1,7.11966,4.60616,-9.65026,6.27125,5.75732,-4.57747,2.43507,2.22633,3.79681,-53.9265
1,-4.02875,-0.361644,5.51683,-5.11093,2.80984,9.75402,-9.65331,-6.34144,-9.6466,99.6325
1,4.66292,5.69201,9.32249,-7.47246,7.87469,-4.82589,-1.44078,6.64602,-4.61165,95.5522
1,-3.02042,-1.73009,-2.36,-4.50117,6.9335,8.8403,-9.22788,3.17789,-2.13172,79.7327
1,8.53633,-9.06125,-5.35875,-1.59154,9.66124,-3.29142,-2.25257,4.28816,-2.9075,-105.222
1,7.21061,3.83221,5.33738,-0.17304,9.99512,-3.38237,1.25523,-3.84198,8.00226,127.868
1,3.82,9.29991,3.11441,-6.24866,7.06839,-2.98929,-9.22422,8.88668,-4.22224,80.2366
1,3.10709,-7.89727,-2.80496,0.589312,-0.339671,8.8934,9.2291,-7.99738,-1.30467,11.1902
1,4.50056,6.65395,-0.164495,-3.68267,3.93597,4.44929,-0.879238,-2.48512,-8.02728,85.8222
1,-0.91586,-1.91931,-5.25864,9.89135,0.793176,-6.21021,3.42021,1.47191,-1.91565,-172.453
1,-8.83297,7.48039,8.8818,-7.40715,-9.09726,-1.93884,9.06186,-7.5866,1.96387,174.61
1,-1.49144,-8.75301,2.03528,4.28999,-1.22471,6.24989,-2.99783,-2.68593,-7.62871,-102.093
1,8.11945,1.42613,-0.0772118,-1.02634,-1.18686,-3.52641,-2.5071,5.82324,-3.49834,-68.1931
1,-2.0426,1.6184,-8.96298,-1.87231,-8.8464,-1.84118,1.96692,-3.15104,0.971404,-40.8639
1,9.23887,-8.29585,4.99374,5.59313,4.80636,6.89749,3.14188,-8.27326,9.39879,44.1784
1,9.96216,5.9685,-0.423902,-0.281075,8.84213,5.468,-4.33454,-1.33518,-2.56569,92.2897
1,2.18848,1.64098,1.42308,-0.202948,5.09812,-2.8251,-0.738243,1.27781,-9.29563,-38.8916
1,5.09384,-3.35795,-0.325022,2.06641,-3.14127,7.27409,-0.431837,-1.69652,6.52455,20.9556
1,4.74715,2.93802,-4.75387,-8.70296,-6.65212,-0.806604,7.84051,6.8218,-5.28916,-0.948753
1,7.74529,-5.06882,-4.68429,-4.1026,-3.75958,-2.93558,-5.31114,-5.43748,7.58782,-24.8885
1,7.91009,6.75222,6.80471,-1.10813,9.94934,-7.33818,-6.66005,5.43382,-4.95468,14.4446
1,-6.28346,9.62401,-7.18986,0.518509,5.62181,-4.46028,-9.635,1.35533,4.36384,57.1611
1,-9.71435,9.03378,9.176,-8.19086,8.07672,-3.27738,-1.41453,-0.846889,0.298776,222.383
1,-5.63707,-8.46797,-3.65459,-0.270089,5.74206,0.294504,5.61876,-7.54631,4.2552,23.7129
1,-0.265816,7.24357,-6.89871,9.69726,9.42503,-4.3675,9.02707,-1.78808,-3.70769,-38.7299
1,-6.07532,9.06674,-1.46031,-1.61412,5.16953,2.48085,-2.32948,0.409253,8.23603,180.099
1,3.72723,9.04172,1.63121,-3.42448,8.67061,6.39576,6.80715,7.96258,-2.13355,170.197
1,-3.56731,0.73336,3.3311,-7.45659,-6.63076,-2.94412,2.84646,-1.10019,8.54427,98.5723
1,1.96692,-2.68227,6.34816,-1.81921,3.40373,3.09977,-4.67025,2.44667,6.38417,77.6097
1,-1.41636,0.329295,-1.08188,5.10056,-9.57762,3.69854,3.59294,-7.60796,7.60857,9.53048
1,5.93799,2.55898,-2.77017,-8.48262,8.0401,7.45842,-9.16746,0.0698874,-8.46919,96.3269
1,-2.13965,-7.96258,-5.89648,-8.16584,3.67901,-7.44072,4.10993,-9.42442,-9.25108,-62.2855
1,-7.24479,5.43626,2.46132,2.69631,8.51802,0.0979644,2.35145,2.21473,-0.0668355,84.7232
1,-6.68386,8.15241,4.89364,2.3191,2.90017,5.15427,8.69747,-9.73327,9.61364,232.636
1,7.44255,-7.75933,-4.67635,6.64052,1.99927,4.97848,7.92535,-3.72417,-8.87204,-136.069
1,2.4308,4.21552,-8.03034,-1.17527,9.57518,8.3758,-6.15162,-3.28532,5.52416,144.953
1,-8.91964,-4.16791,-4.80758,-7.37602,-5.28184,-7.51274,-4.62691,3.08573,5.98804,-30.8737
1,3.726,7.49565,6.2804,6.50929,5.47777,-8.60836,9.8291,2.06336,4.47371,26.7023
1,4.65682,-2.39967,1.09043,5.24583,-5.87024,-2.24586,3.07169,7.4865,-3.66619,-153.569
1,3.93902,7.41813,1.87719,2.47108,2.79031,3.49223,2.52846,-6.37623,-9.16623,44.3288
1,-7.61101,4.13312,1.77404,-6.06555,1.09775,1.98462,2.26417,-7.59758,-0.328074,155.285
1,2.96304,-6.66982,4.89486,2.03284,5.62487,8.33613,-5.77319,1.03183,-2.4778,0.791686
1,-3.68633,8.22748,-1.60802,7.8692,-3.53191,-1.25095,0.160833,3.68816,2.23365,-28.3062
1,-8.01996,-1.70385,7.55486,0.540483,-6.84133,9.00632,5.0737,1.89062,-1.16733,54.1318
1,8.47468,0.201117,6.8865,-0.215766,-3.40434,6.54653,4.82589,7.73675,9.33897,88.2605
1,-7.22526,9.99512,8.98434,-9.63012,-9.76135,-8.7225,-1.94555,2.56325,0.956145,100.451
1,0.716269,-5.4619,-9.99268,-5.93066,-3.36589,-3.79559,-8.83847,8.905,6.9628,-77.181
1,-8.46431,-6.24683,-7.24418,8.38313,4.7972,-7.93207,-8.47591,6.91397,-3.23038,-226.341
1,-2.75246,1.3303,-4.43037,-5.72314,1.2125,-0.770592,-5.28367,-8.37764,4.85397,96.0527
1,1.15452,-9.25474,-2.93435,-8.90194,5.20981,-1.30772,7.4633,-6.51357,8.43867,94.3457
1,4.4261,4.19904,0.8829,-4.80331,-7.96381,-6.47023,8.94101,5.25193,-7.96197,-59.8734
1,4.46883,-1.04587,-0.270699,-3.97687,7.32902,-5.28306,-6.9573,-6.62038,6.06494,61.2045
1,-1.9895,8.91964,-4.2906,7.51946,-6.64663,8.65413,4.56648,0.714438,2.63466,41.7151
1,9.71618,8.13654,9.3054,0.250557,2.83364,2.49001,-9.67772,9.37803,5.6737,100.01
1,3.03201,2.32887,-9.99817,1.25645,1.76794,-3.88653,-0.66744,-0.784631,-3.98297,-77.9749
1,-8.94406,-4.7795,8.03705,4.19843,-9.729,3.2139,-3.60027,-5.69384,-2.32643,-57.3497
1,-2.13294,-8.25556,0.713218,-9.92126,-1.06418,-5.81286,-5.08896,7.47307,-6.92129,-89.6092
1,-6.0802,5.83056,-5.4387,1.69103,-9.79675,-4.6556,-3.2548,5.49791,0.0918607,-81.723
1,4.60677,3.62468,6.52821,-4.99374,-3.1785,3.17179,-1.901,-6.71133,-7.90704,68.2213
1,-0.30427,3.42936,6.85232,-0.0344859,-1.28758,-6.48427,-9.93957,5.28489,-8.13532,-79.8184
1,4.88876,8.96115,-6.9921,4.99802,7.87408,-1.01169,7.57744,2.52663,5.99231,65.3684
1,9.27976,-7.50481,-8.78109,-2.88797,1.70385,5.71703,-3.48247,-3.00821,2.75246,-19.7099
1,-3.51176,-5.4796,-4.18256,-3.59783,-0.743736,-7.24052,8.38862,-3.91827,-9.73144,-103.948
1,2.88675,8.54854,3.86151,2.50526,-1.59948,8.50642,-5.00229,4.53963,0.537431,86.2222
1,-6.33595,-4.04645,-1.01413,5.45213,-6.42689,-5.9801,6.12903,-4.18683,-0.345164,-123.221
1,6.66433,8.38435,9.93408,-9.70214,8.72738,1.1948,-8.42891,-6.03259,5.60472,268.975
1,6.00513,-6.48793,-9.05271,-9.48119,-9.07468,-1.92724,4.33515,-5.97034,-5.27757,-77.8382
1,7.64031,0.926237,3.88531,-0.254219,8.37336,-7.39677,3.35551,9.43602,0.199286,-19.7548
1,-1.14475,6.1681,-3.98297,-3.78399,1.06052,-3.8316,-5.9801,4.64095,9.14792,77.3665
1,9.83093,5.24216,-3.58013,-8.7347,9.74731,-9.21812,-8.37519,7.08792,7.22037,77.6877
1,-4.23139,7.77093,-4.6263,2.07617,2.41066,3.16202,-3.58867,-2.16468,-3.00943,49.3106
1,-1.58666,-0.0308237,0.359203,6.43178,9.25352,-0.61861,-1.90832,-9.94629,-6.25904,-21.872
1,2.38868,-7.96136,2.16041,7.02994,-0.63509,-6.41346,-8.94345,6.78518,-0.448927,-211.146
1,-1.69103,-9.84558,2.39723,-4.08368,-6.13514,6.75527,-8.89279,9.28709,-9.86816,-115.622
1,4.16791,-5.82873,-7.65069,9.68566,2.76406,-3.81024,4.16608,6.75466,-4.3968,-222.707
1,0.723594,-4.18012,-7.21549,4.2613,5.32701,-2.17689,-3.27921,-9.53429,9.1174,-13.0939
1,9.90173,-1.85461,9.19187,-3.98785,3.79009,1.39195,-1.18503,6.751,-0.336009,42.651
1,8.76034,-6.03137,2.83303,6.82119,0.957976,-3.28166,-4.50301,9.25291,2.89651,-153.654
1,-8.32087,2.8605,6.72109,2.95694,0.706503,8.34712,-8.03461,3.86456,2.78359,93.6872
1,3.53679,-5.32579,-6.71377,-5.27696,8.54488,-7.1691,-7.71905,-1.6776,-6.92984,-85.9883
1,2.07434,9.72411,9.58068,-8.76644,3.68755,0.835292,-4.38215,-6.67592,1.84851,238.24
1,-2.06275,-5.08957,7.59392,-9.2407,-8.44417,6.47633,-4.79415,2.28797,-9.99451,2.55048
1,3.62102,-8.51741,-5.26292,-4.42549,-2.10791,-3.44096,-6.62343,5.43199,8.84396,-65.5066
1,8.57906,3.3549,-4.60738,5.25132,2.55531,5.61876,-5.34349,-6.60634,8.01874,55.2389
1,-3.53191,9.64721,-1.9657,8.58211,1.3657,5.0792,-8.28181,-3.4611,3.63201,58.7744
1,0.375683,-1.98157,5.63463,-1.35472,9.56725,4.35041,-4.88327,-5.82141,2.78298,123.095
1,9.98169,8.20795,7.49016,-2.52235,4.86312,-1.88818,-0.202338,-2.4955,4.90524,147.486
1,4.68612,-1.23508,8.16889,-0.677816,-5.09629,9.61303,5.37584,-4.32295,-9.76928,26.9262
1,5.49547,7.01651,-1.76,-5.9624,-2.24281,4.69283,5.29649,2.17811,-3.30424,99.3199
1,3.93048,1.02573,9.85961,3.45866,-9.0173,7.57317,-2.07862,3.69854,-5.62914,-31.6331
1,-7.05741,-8.34101,3.61003,-0.732749,0.335398,-4.69283,-1.02206,2.86172,-5.44176,-106.173
1,-4.68795,-2.1482,8.82687,-8.87143,-4.47615,7.48466,9.00815,3.69915,-2.58095,129.983
1,6.14978,-9.53124,-4.57686,8.49483,-9.53124,-3.98968,9.90173,-8.05475,-1.12827,-221.366
1,-3.70769,7.31254,0.762658,1.81127,1.68249,1.36814,9.36338,-0.633259,-8.04682,45.282
1,2.71889,5.88855,-3.15104,-8.03644,4.41939,-1.70873,-0.957366,-8.56929,-4.90219,107.281
1,-2.66396,-6.29505,-3.06192,-4.55611,9.63805,4.94613,-5.7091,3.63872,3.86517,70.3388
1,7.11722,9.34812,5.35813,3.23588,-0.163884,5.45518,-6.03137,7.42058,-5.23667,24.3203
1,5.609,-3.4489,-3.01004,-5.2324,-2.53578,-8.64254,3.52519,-3.90667,9.32737,-2.31953
1,-7.65313,-1.48534,-5.83361,-4.75631,6.41713,4.16852,3.65459,-2.6841,-1.05075,94.6037
1,-0.728477,-6.59169,3.37077,-6.69301,3.19742,6.91885,8.10724,-0.101016,-8.78475,53.0678
1,8.89645,-4.1612,0.439161,4.20881,8.61507,-7.02933,3.02835,5.93249,0.638752,-101.751
1,8.32331,-6.32252,-9.06369,-6.44704,9.42991,-0.09064,-3.72112,7.33024,-7.05374,-69.6689
1,-7.95648,0.146794,9.95422,-2.72561,-2.18726,0.525224,-6.07471,-4.45418,-4.08246,52.0156
1,-2.97586,3.27738,-2.92154,4.15571,8.99533,-8.27937,-4.56343,7.74407,-6.93472,-104.225
1,2.54982,-8.78475,3.45988,-6.79495,-9.07041,7.67937,5.2324,6.46779,-0.807215,-3.12618
1,7.37419,6.79922,-2.49245,5.76464,7.84417,7.06168,5.02243,-1.64892,4.5732,110.673
1,-6.24195,-6.77175,-7.99066,-0.722983,-8.91598,-8.49788,2.72134,1.67699,6.88284,-127.788
1,-4.68978,-2.89651,2.8666,5.02731,-8.44661,8.87814,8.41365,-1.36876,1.45177,2.11539
1,2.71645,9.30784,9.69665,4.08856,-3.8963,-1.11301,-9.16746,-6.25172,-0.17365,44.2527
1,-6.13269,-5.32151,-5.82934,7.71844,7.59514,6.63503,2.83486,-3.70159,-6.34754,-58.1972
1,6.54714,8.41365,4.90341,7.94305,-5.04074,-5.4796,-3.03568,7.37297,9.56114,-32.019
1,-7.13736,-6.96707,-6.73818,7.45598,-1.06235,-3.80169,-2.39235,-1.12705,-6.60756,-207.226
1,0.502029,0.32197,7.95343,2.17505,2.99661,-4.42793,6.22791,-1.40599,-9.94812,-42.1927
1,-4.65072,-5.58458,0.422681,-1.44566,8.38313,-1.83081,5.16587,2.60292,2.54128,27.1191
1,-6.60939,-3.38847,6.34632,8.82199,6.74062,5.80615,-6.42384,-4.91928,6.96768,50.546
1,-0.445875,-5.29954,7.60369,-7.31193,-0.399487,1.72826,8.65596,-7.77215,5.58397,140.389
1,-8.11823,8.13959,1.16733,4.91684,-9.52513,-2.53029,-6.80105,2.69753,-6.33412,-81.6441
1,3.80657,9.94079,-5.2092,1.72216,-7.23869,5.30686,-2.80557,3.41838,-2.29163,7.72954
1,-9.91516,-5.1793,2.19092,3.81756,-7.67144,2.81899,4.67391,4.94491,-0.805994,-74.659
1,3.55693,2.24769,1.49144,-4.15082,-7.60125,6.21448,-2.62551,7.07938,-4.60982,7.2391
1,7.2338,4.21552,-2.79031,-8.01263,-0.35493,-9.11618,-6.02466,5.94653,1.29002,-6.95674
1,6.51906,-8.03766,-2.49672,9.47508,-4.85031,1.2418,-0.0277718,3.68694,-9.95727,-257.247
1,-3.17423,-6.1272,-4.30647,5.90564,-5.4326,1.73193,-2.34779,-2.94412,9.1345,-67.9682
1,-3.33293,8.85006,-0.292062,-0.327464,7.89178,-8.29951,6.47023,-1.20518,-3.75347,56.796
1,-2.37037,-8.79757,-9.4879,2.9136,-6.54042,-7.64641,-7.26249,4.39985,8.9349,-188.952
1,-7.11112,9.98047,-3.05216,-4.00189,4.95346,-8.13166,3.48308,0.458693,-2.61452,76.964
1,3.11014,6.21937,-3.3433,-5.7976,0.525834,-1.93762,5.76952,2.19581,2.78054,92.9259
1,-4.08002,8.37275,-4.25825,8.43013,9.05515,-8.11762,-3.0253,7.91742,5.60106,-25.4966
1,3.50932,-0.56856,5.13718,-9.63195,9.34141,-6.70522,-5.8037,-2.93863,-9.81445,35.9664
1,0.37019,6.99454,8.04071,-5.20432,-3.09122,-2.75185,4.73983,1.10263,-7.59148,62.1432
1,-3.40922,1.88208,6.08081,2.51808,8.35994,8.60347,-5.12864,4.16486,-5.28855,73.5334
1,9.61608,9.79125,-8.96298,2.67739,9.54039,9.84313,-2.45888,4.79049,-6.48122,58.4282
1,1.36387,9.36094,-0.0894192,7.2515,-9.56725,8.7402,9.86389,9.56236,-2.34535,-1.07658
1,-7.3748,-2.46559,0.636921,5.95569,-8.22382,2.02185,-0.951872,2.01392,8.98129,-36.8344
1,-3.50566,-9.30967,1.94494,4.49873,4.36506,2.75857,1.86865,6.85171,-0.591754,-79.2738
1,5.88916,3.98785,-2.90139,5.45335,-2.41188,-1.20273,4.70382,1.26804,-9.91943,-113.164
1,-5.95019,3.13334,6.26331,-4.31074,-8.89035,3.30912,-7.35527,-7.11844,-0.694296,84.1828
1,-6.96646,-0.363475,6.11011,8.92636,0.514847,-4.60738,2.55959,-6.53615,-9.87487,-106.455
1,2.23792,-1.06296,1.75207,8.5052,-9.15159,1.42857,-9.40245,9.14426,-0.994598,-169.196
1,-8.06452,-1.44139,-6.433,0.539262,3.73882,-8.52901,-2.75369,0.102847,-0.310984,-74.7706
1,0.362255,-1.63976,-0.61861,-3.93231,2.37037,-2.46742,-9.6234,5.23972,5.29893,12.6906
1,6.67592,1.38646,0.209662,6.4275,-4.9443,-8.69564,-5.76891,6.20472,-9.29075,-230.596
1,-2.13721,-1.43345,7.4517,5.34165,-4.54939,-8.45332,0.693686,0.820643,8.12067,-59.7742
1,2.03894,6.2566,5.40147,-6.5801,0.452589,-6.26331,-2.19825,2.67129,0.415967,75.7957
1,9.48912,7.2515,-6.68996,4.23505,-7.26188,7.64458,-1.0654,-4.73189,-9.04477,-49.6738
1,-6.07776,-7.33757,-9.65636,-4.88632,-1.19907,9.4409,-4.66475,5.45152,-2.0188,-18.0506
1,2.92032,-2.96793,8.37092,1.95532,2.53151,-5.58153,-4.91012,2.54433,6.37623,-19.0527
1,2.49672,2.6841,-7.71599,-4.43464,-8.22993,8.12799,4.79171,5.62914,-3.48125,15.0031
1,-4.02448,-5.77441,0.619831,-5.0145,-9.70397,1.98401,5.53697,-5.39537,-8.50826,-47.3371
1,8.74325,2.6957,5.39293,8.62728,-0.0210578,7.66839,-5.37339,7.88324,3.09122,-13.6752
1,-9.58251,5.94226,7.7813,4.24604,-2.74392,-4.03668,1.77831,3.08206,-0.758995,8.24813
1,-8.39961,-1.12217,-6.61855,2.65114,1.13926,2.86782,7.8515,7.15079,2.23792,-6.74648
1,0.821863,-4.87533,7.27592,-0.0320444,1.47801,7.12149,2.86782,-1.98035,-5.86962,23.0706
1,4.87472,-5.92517,-3.80902,8.65047,0.970183,6.5508,-2.7018,7.26493,6.70339,-83.8703
1,2.47169,-3.38176,8.72127,2.09387,2.99966,-2.99844,-4.54512,-3.12662,-2.18177,-35.5489
1,2.76894,4.39619,0.575884,7.35954,-4.47432,-7.97174,9.85412,-6.64846,5.01328,-42.0027
1,-5.66698,-8.85189,3.32011,-1.87597,-7.75933,6.83279,4.64461,-0.789514,3.21635,11.4812
1,2.9606,-6.17542,4.79965,9.60082,6.73757,-3.44157,5.85376,4.33638,-8.15546,-161.449
1,4.26862,0.693075,4.69955,-0.25483,2.69875,-8.29463,-5.33311,-4.91928,-1.79601,-31.8884
1,8.9758,6.53981,3.30424,-2.63527,-6.05701,2.44606,8.66085,5.54308,6.2389,98.6647
1,6.36158,0.643635,0.00762963,6.79617,7.25028,7.05618,3.2609,0.385449,3.9732,46.8009
1,1.79418,-7.82159,-9.31394,-7.42546,5.48448,8.5992,-8.98068,6.57826,7.09952,55.7414
1,6.98355,3.8731,-9.08811,4.67147,4.76791,-7.66228,0.101016,-6.76504,-8.96176,-125.28
1,-3.41166,1.32908,-1.88025,-0.84933,-1.47984,-6.97989,1.72277,-1.08066,7.68181,15.439
1,-0.454421,1.87475,-5.99536,-8.38191,-7.30827,9.94507,0.117496,3.75713,0.511795,93.7009
1,6.7864,9.66857,-8.04926,-5.81957,4.66292,-1.50853,0.817591,-6.51234,-6.7217,76.7364
1,0.259102,-9.0112,1.58544,-1.96997,4.2204,8.40205,9.62035,8.61446,1.88147,38.1211
1,6.75039,1.87048,6.10889,-1.74108,-3.77178,2.02124,6.65944,-6.67348,1.68798,82.4741
1,-8.80917,9.88647,9.28648,3.33354,-1.65319,-9.85046,9.27793,3.08206,-6.27674,0.380443
1,-1.21128,3.16385,9.71313,5.87512,-4.54268,6.01062,5.93005,-7.01041,-3.3018,46.6468
1,4.8851,-9.53673,9.08139,-0.145573,-0.399487,-1.66295,-4.30891,-9.53185,-6.9689,-83.8814
1,-7.57805,-0.278634,-8.72188,-3.37809,9.40733,8.03156,0.939665,6.7217,-6.69362,52.4268
1,-0.593585,0.600909,-2.64626,-0.367748,4.54695,-3.54595,5.06882,3.35734,-5.31968,-34.753
1,-3.61064,-8.51985,-6.21326,9.43663,8.87326,-0.868862,9.47752,4.60128,2.1775,-112.252
1,6.29688,-3.68755,-9.61547,-7.90948,-3.63384,1.87231,0.81576,-3.77544,7.41203,45.3715
1,9.21445,4.89608,3.05094,-2.41615,3.19254,0.13947,-6.21326,-8.0517,-7.55303,39.9148
1,-0.88229,5.26231,6.39821,0.17243,9.63622,-8.12006,-5.74938,6.81021,-0.828578,26.2169
1,-5.18662,-8.81893,-2.22816,4.19172,-3.45439,4.0849,-0.666219,-5.01999,8.89157,-26.8634
1,-0.480667,-4.185,-3.40373,-7.38334,-2.65908,-8.82809,-3.40495,-3.20841,5.15976,-20.6172
1,8.1341,0.121769,-4.01654,-0.760826,7.99554,3.02591,-6.56056,7.46941,4.20759,26.5407
1,3.59783,8.35994,0.0308237,-7.12455,3.56792,-4.59639,3.38542,-6.69912,-1.00925,130.971
1,-5.45396,3.20353,1.6831,-8.37031,-0.590533,-8.13044,-8.89035,1.48412,2.19764,49.5127
1,6.1803,0.970794,-8.93735,3.35795,-9.1406,8.89706,2.05359,4.0904,-6.47328,-99.6892
1,8.37275,-5.01267,9.84008,6.72475,5.13474,-7.45354,2.8843,2.65358,-4.5146,-133.592
1,-2.87698,-7.84845,-3.78399,-0.35493,3.26151,-1.60985,2.01697,-6.7333,-4.38643,-64.4961
1,2.81106,0.922575,-9.75707,-6.97806,-2.66457,1.8247,-0.0772118,9.36033,4.57137,24.725
1,-5.77929,-8.12738,-8.2403,5.63158,-2.76162,-8.70296,6.84378,3.94024,0.732139,-204.97
1,-1.74902,-4.40962,3.13395,4.07575,-6.23585,7.45842,7.19169,8.27326,6.00757,-8.79705
1,-5.60961,0.91464,7.01468,-0.380566,-4.66659,-1.11484,-7.6928,1.32481,-8.12128,-47.2806
1,1.0239,0.295724,4.96689,5.67003,2.87759,-7.09647,9.07895,-1.80944,-1.24424,-48.7392
1,0.926237,-9.88464,3.55998,5.84277,4.18439,4.48103,-5.04074,7.41508,-5.61876,-132.533
1,2.46437,-4.68001,3.28288,-3.72112,7.21732,-7.10807,5.58275,-7.18925,1.89611,33.4175
1,-7.6812,8.04804,9.78027,-1.91076,1.84912,6.8804,5.7384,8.66695,7.30277,222.237
1,1.34861,2.69509,-1.84423,-6.57826,-7.76238,3.2664,-6.20411,3.22733,6.27491,71.157
1,9.89746,-9.62889,-3.98968,4.65743,-8.22138,-8.03949,-5.41795,3.80779,-4.91745,-303.488
1,3.72845,2.40272,6.47938,2.14515,-3.12052,1.22227,-8.66207,-4.78011,-0.101627,8.14379
1,9.85168,-0.851772,-9.57701,-0.790124,-5.30747,3.68084,-2.49489,2.37098,-7.34733,-113.574
1,5.47777,-8.93979,6.93472,-2.93924,-3.40983,8.81466,8.09565,7.22526,-5.58275,-22.9063
1,2.59987,8.25434,-7.75994,-7.22343,-2.3423,1.62084,9.68566,8.31843,5.88183,125.396
1,-3.02286,9.82238,-9.57823,8.63155,-8.2635,5.93005,-7.30461,-5.25498,0.410474,-28.4405
1,1.39988,-5.80554,9.37071,-9.38475,-5.79089,8.49971,-0.763878,9.75036,9.40245,130.676
1,8.76522,-9.99756,-4.54939,0.209662,6.87613,1.30345,-7.02872,8.41731,-5.17747,-144.638
1,-4.89669,-7.40287,4.62813,6.43544,3.00882,-9.77905,-0.978729,7.58965,8.14508,-116.111
1,4.21491,3.25297,-6.98416,7.22648,-8.2934,-5.8916,-2.16285,8.4521,-2.59316,-202.153
1,-0.458693,1.95227,-9.15647,-1.91259,-2.28248,-4.597,0.655232,-4.13984,9.69543,26.3626
1,2.83792,-9.52818,3.36344,-3.64055,-4.79598,-3.35734,-6.01245,0.243233,6.7925,-52.9391
1,0.642415,0.269478,2.84951,5.75488,-9.98535,-6.43239,-1.88452,-3.773,4.51033,-98.5873
1,8.1634,-7.37236,0.179144,3.03629,2.88553,-6.77664,-2.88919,-2.93802,3.41594,-110.151
1,-7.4041,9.73144,6.08875,-1.62816,-6.46168,-6.26576,0.814539,-7.69463,2.43995,95.9356
1,-0.194403,9.62462,8.7463,-7.33207,5.97705,-5.9801,6.40309,8.45882,8.4582,204.947
1,8.62178,1.65624,9.93591,9.07285,-8.63155,0.466628,9.89319,7.41752,-0.466018,-90.7764
1,-7.18192,2.95755,-4.1258,-2.80923,-7.1691,-2.24464,5.60167,9.74548,-2.34169,-33.7993
1,-7.27897,1.62084,-8.83724,8.29951,6.15528,-4.86435,-0.477615,5.45213,1.16611,-94.0013
1,-8.7994,6.50746,3.53008,-3.87249,-0.134587,-3.53008,-4.03424,1.25767,8.92087,137.126
1,0.696738,-5.06821,-8.03644,6.37257,2.48146,-1.40233,-0.433058,-9.23276,-1.3419,-109.347
1,9.05271,-9.9646,-2.50771,-6.80776,-5.98254,-8.65047,-0.821863,8.47591,-4.52986,-190.384
1,0.126652,8.3282,9.9353,-1.69164,8.12555,0.300607,9.59288,2.18177,-0.740074,173.263
1,4.76547,4.18989,9.60631,-2.24952,3.76385,-6.48549,-6.5038,-1.97668,4.49141,76.9007
1,-5.46007,-2.76101,-2.99722,4.94003,-2.98502,-9.57579,-0.597858,0.506302,-3.87677,-174.717
1,-6.6277,-3.34452,9.71191,7.83563,-6.43056,-9.89746,7.14164,2.58583,7.14591,-96.3382
1,-0.943327,1.73864,2.89041,8.5168,4.38398,8.57479,0.53621,1.3126,8.20795,81.0836
1,-7.78008,-1.03122,-6.27552,0.383007,9.84558,-3.50444,-8.61507,-7.65984,-7.83502,-36.8856
1,-4.0611,-9.08261,8.9465,-9.63012,-3.64544,7.27165,-1.00497,7.15262,-7.54936,21.2817
1,-2.02673,-5.04563,-0.0405896,-2.67617,-2.58339,2.59987,-5.39903,-5.86047,4.31562,26.222
1,-8.84823,-2.66823,-7.61223,-4.55428,4.54939,3.53435,-5.67186,8.80428,4.47676,44.527
1,-8.8702,7.25944,9.30174,5.77929,-3.15714,7.23075,0.125431,-5.11643,3.4373,131.743
1,9.8291,-7.11417,-8.15119,-3.94452,-6.34571,-0.317698,6.67959,-4.20881,-7.87774,-127.648
1,0.201727,-9.48363,8.60103,-0.794397,6.98721,-7.65679,-2.29774,4.75204,1.99194,-60.4169
1,1.81799,-2.42775,4.99069,7.54936,8.86349,-2.33314,3.86761,4.88083,0.645466,-45.6747
1,-6.00208,-9.18271,3.26823,6.55568,-3.31584,-9.38658,-6.98477,-8.1756,-8.39778,-228.475
1,-9.09543,5.32273,-9.60143,4.27046,3.08023,-7.79595,-2.30567,4.07392,2.07739,-58.9484
1,9.56297,-6.13819,-3.02347,0.755943,-3.44035,-1.81677,4.82955,4.47432,-5.60228,-152.838
1,5.22813,-0.596637,1.48106,-2.36122,3.38847,9.28037,-5.24827,1.19053,6.42689,119.322
1,7.71477,-9.09909,-3.91888,-1.34678,-0.401318,-8.2165,-2.8544,4.3614,-4.34431,-194.791
1,4.42122,-4.24726,2.14637,-8.01752,-5.1323,0.699789,-5.26536,3.06986,1.65563,7.15903
1,0.386059,-5.06088,6.42201,-5.57421,9.41404,-1.61962,6.90909,-6.61428,-7.28263,62.1297
1,3.58379,-1.03732,-4.79049,-9.63744,-9.91089,-5.24522,1.00864,-3.86761,-4.8088,-49.7452
1,-3.5258,-7.99921,-6.97378,-0.0625629,0.831629,8.49361,-1.19724,5.01022,-6.0857,-76.3363
1,-2.18238,4.68062,7.11539,4.52132,6.83157,0.329905,-3.49528,-5.90564,4.61592,105.003
1,8.28547,6.25538,-8.61873,-9.00693,0.883511,-6.06861,9.94629,-3.50749,2.87881,89.6316
1,6.25843,-3.34147,9.37925,-7.15934,7.41997,9.28587,-4.61226,6.46718,1.62511,145.024
1,-8.69442,5.77074,-5.0676,-9.45189,2.08045,-0.709555,1.41209,-3.71746,-9.50377,92.392
1,-6.21204,8.87814,-9.57701,-9.78576,-7.06046,2.32582,-0.0888089,4.64156,3.84014,123.362
1,-1.47252,-9.74303,-0.246284,-8.97275,6.45924,-3.2255,-7.09708,2.57912,-8.49483,-57.3932
1,4.44624,-4.28755,-6.09668,6.5923,7.04642,-0.787072,4.85153,3.34635,6.14917,-59.2179
1,-0.682089,-4.22407,6.42689,0.639363,-9.21506,-1.84545,4.13984,7.36442,7.7752,-38.6539
1,5.41795,-1.52623,3.53374,-0.8652,-0.413526,7.66778,-8.48994,-3.46416,-0.633259,40.9511
1,4.44746,-3.39579,3.5905,5.30137,3.04849,-1.49937,4.06171,7.62993,-1.84606,-89.1667
1,6.94815,-2.68899,-7.54021,8.87326,2.32398,-0.911588,-8.11213,-9.11863,-8.28547,-178.221
1,-4.19721,-6.31336,9.85107,1.12217,-9.60509,-3.80474,-0.707114,-5.56749,7.9339,-23.3191
1,4.01959,-4.05499,-0.233467,-0.932951,-9.81384,-4.18561,-6.1626,9.44823,0.363475,-147.794
1,4.01776,4.94064,-6.73757,4.77645,1.52745,5.20188,-1.01535,-6.55568,1.96692,34.2436
1,-7.28874,5.4796,0.365917,1.55919,-5.83911,-3.41105,-7.73614,-4.62935,8.61446,43.4798
1,-7.68365,7.54326,2.97159,3.04178,4.73434,1.04953,-3.37443,0.226753,-3.25419,64.6602
1,0.2884,-4.84542,9.69176,-8.17072,8.70785,-3.41472,2.24708,-7.12821,1.67455,130.151
1,-7.28568,-1.19419,-1.75817,-9.22117,-1.29307,-5.92578,-6.798,2.07373,0.86642,20.3904
1,5.75671,4.80941,3.89203,-4.31379,9.88647,-1.59093,9.85717,3.32316,-7.07999,89.0798
1,3.85723,-7.28751,8.60164,1.21494,9.59777,-5.40086,-7.31315,-1.49449,-7.28935,-84.3636
1,9.40123,8.55098,-7.97357,3.07047,2.78359,3.34086,-2.1189,9.7174,5.562,27.28
1,0.798059,6.30055,7.59453,6.00146,6.83584,-2.59438,-7.24662,-3.30058,-8.5931,-12.7109
1,8.10663,4.16425,1.65685,9.78698,0.754112,0.248726,-0.829798,-3.61126,-5.81896,-81.3754
1,8.27082,6.17176,-5.74267,7.74651,-5.30381,-0.364086,-6.66433,-0.989715,-5.33738,-130.001
1,0.686361,0.657064,5.67553,8.66878,-2.98379,-4.4322,-7.59819,4.61715,9.26267,-70.0437
1,-6.87551,-6.86392,-6.66372,-3.05826,8.76888,9.56847,-4.29853,9.58861,7.42485,78.2415
1,-3.64849,9.4818,-1.29124,-9.8706,-6.2981,-5.95996,-3.81878,1.33518,-1.99561,71.6031
1,1.0123,-5.26963,9.98901,-8.94528,9.08078,-3.91034,7.5396,-1.43956,-9.01975,59.0731
1,2.49123,-4.02875,-1.4835,-9.14243,-2.90384,9.01486,-9.89929,0.0985748,8.99899,122.822
1,-0.368358,3.69121,9.76379,8.4228,-3.07413,2.6487,7.75018,7.73919,5.5913,24.6635
1,-2.52358,-1.1948,-6.06922,-8.98556,2.99539,-4.48897,8.12677,3.18278,-0.857875,39.3196
1,-1.62145,-2.172,2.48817,6.03381,-6.83828,-2.53945,0.588092,-6.09241,3.52886,-69.8787
1,2.86782,-0.586261,-1.42125,7.2045,-4.62447,1.48045,3.0192,-6.28224,1.05441,-63.8467
1,-5.39537,-4.2967,-8.12311,0.796838,4.16364,6.33106,5.09079,-3.15348,-3.98419,-1.92087
1,9.56114,2.67129,-8.60836,3.21451,-2.62185,5.2385,2.85867,-0.369579,-9.28404,-84.973
1,-7.65435,-4.47737,-6.37928,-9.03806,-9.53429,8.06574,4.85336,1.97302,9.44456,105.734
1,-3.29814,-2.57424,3.22123,5.55895,-1.49571,-7.60186,4.70077,-0.691855,-9.45616,-158.013
1,-7.13553,4.2143,6.04541,-9.52025,4.68368,-2.33436,7.59514,-5.78234,6.00757,233.72
1,2.99478,2.96487,-3.73516,8.71761,8.35627,6.292,8.40144,4.90036,5.19333,44.1057
1,-9.86816,2.30384,1.49144,-3.18888,2.23304,-8.26716,-3.79681,3.09122,-6.09607,-26.409
1,-0.0814844,-2.12867,-8.04926,8.11457,7.76666,4.33515,-1.79846,5.4442,8.50826,-21.9426
1,0.987274,0.401318,-3.99091,4.42305,-6.89077,-3.65215,-4.51094,-8.7463,-4.87655,-126.166
1,7.82525,-6.61733,5.94531,9.87915,-4.76241,-8.38679,3.32255,1.10935,-7.25211,-256.596
1,1.61107,-2.65236,-7.82647,4.54756,-2.00354,-7.43339,-5.78845,-7.11173,-3.0076,-167.835
1,1.37486,-3.15775,-1.50548,-2.31361,-7.26737,4.52193,3.98358,-5.73351,7.94977,55.6013
1,-8.30622,0.918912,-2.63344,9.16013,-0.149236,-8.87997,-7.37175,-3.87249,9.63744,-75.3262
1,2.85989,-5.37767,-3.01492,-8.88485,-7.4395,4.2436,8.5522,5.32151,-7.36564,-30.3447
1,7.70501,-8.15546,0.232246,-3.92804,5.26414,-1.59398,-5.72253,-1.583,7.79656,10.4519
1,-6.91946,-9.49278,7.75323,9.34629,8.8641,-5.44237,3.31462,-6.22181,-0.559404,-87.8175
1,-0.475173,-6.63625,3.66192,5.04746,-9.12168,-7.05435,9.49644,-2.71889,-5.45885,-182.61
1,-7.84722,7.41997,-1.5244,1.25706,-4.47798,3.52153,1.27354,-9.62767,3.18705,111.965
1,-7.12577,4.02081,6.15711,-5.5797,-8.57662,7.6043,9.7882,4.17585,8.84884,192.151
1,9.35972,0.124821,-6.73391,0.530107,-0.32136,6.3976,2.80251,6.74245,-3.07169,-38.394
1,5.93188,-6.49037,-2.80496,6.32557,-9.95605,0.553301,9.05515,-1.62755,-8.78353,-203.637
1,4.5024,-3.43486,-7.50237,-5.30442,9.04294,0.395825,1.50487,7.62322,6.07898,46.0439
1,-5.15793,2.47841,8.83358,-1.15818,1.00192,9.75402,-7.55852,3.63079,4.05194,148.718
1,-4.41816,8.34346,0.809046,2.75369,-5.88183,-7.24845,-4.31196,9.30845,-5.6444,-95.2659
1,-8.09381,-0.0851466,7.68975,-2.37648,-7.94,-6.00452,8.57906,5.28855,-1.10996,-18.959
1,1.57384,9.02402,-7.73003,-0.558184,-3.90728,-5.04807,-7.99371,9.73937,-9.53246,-115.351
1,-5.34104,8.48811,1.18259,-9.6118,1.39988,0.983612,8.8641,1.87963,-6.79617,156.212
1,-2.9075,-5.08286,-6.2566,8.04621,-0.261544,-9.96521,5.51622,2.48878,3.73394,-176.251
1,6.27247,1.54576,-8.0694,7.54082,4.26923,1.83935,0.580157,-4.14777,8.00531,-5.59345
1,-9.71313,-0.722983,-1.38462,-9.7766,-9.10581,-0.702841,2.1305,1.64464,-7.35282,0.948759
1,0.254219,-2.15796,7.08609,-6.36341,0.227973,4.44807,1.63244,5.06516,6.24622,126.403
1,8.96115,9.96277,5.75976,-6.75771,2.33192,1.96448,7.82098,9.61486,-4.72457,129.645
1,7.77154,4.02509,-2.48878,9.91272,5.32945,-2.38685,5.96728,-7.14469,3.63323,-15.2913
1,5.08774,5.01999,5.374,-5.2501,-7.36259,-1.07883,-3.76019,-2.24097,-3.1724,36.5405
1,6.58376,-7.09098,7.72637,-9.83642,7.36991,-3.36161,-7.15445,2.17444,0.364696,45.5957
1,-2.82632,-7.12882,-3.38481,-4.75265,-7.36198,1.9602,-4.56099,2.88797,-9.76379,-122.067
1,9.05637,-9.85534,3.79681,-6.59536,-1.06418,-8.86227,2.55287,-8.96603,7.04825,-10.8231
1,-4.28388,6.33106,-5.6151,-8.73959,5.32395,-4.34492,-2.67556,-6.34754,-7.32109,83.003
1,5.50462,5.51012,-4.53291,9.41404,4.89731,-9.86145,-1.64647,-5.15183,-6.92679,-142.161
1,-8.10053,-4.97604,-3.48308,0.406201,-9.26389,2.45216,3.08329,-7.83563,7.06534,0.701161
1,0.727866,0.260933,3.24992,-9.94507,-9.28953,-9.63561,2.03955,-1.38951,-6.40919,-37.904
1,6.12293,-8.54915,-9.33226,5.4912,-0.627766,5.3618,6.43971,-9.76623,-4.7441,-117.118
1,8.50398,1.23264,3.3964,-7.43645,-2.04016,-6.5453,-9.223,0.817591,-5.61205,-36.4603
1,3.44768,-5.5913,-5.24705,1.09531,8.76217,9.22849,-3.20231,-0.911588,-8.49666,-29.0184
1,3.53618,8.18964,-3.77239,3.37504,6.37623,-0.652791,-1.39439,4.03729,-5.05417,-4.47568
1,0.130924,2.27882,-1.583,5.17869,0.604572,-6.52577,8.58455,-1.39012,2.93008,-36.569
1,-4.59944,5.82446,8.65719,-4.9736,9.78027,-1.46886,-0.556963,6.60512,-8.76095,100.023
1,1.5482,0.281686,-1.78564,2.67067,2.57241,8.94711,3.92132,9.70092,-8.73898,-29.5065
1,6.86636,-1.75695,2.37709,6.657,-0.654622,7.9693,2.21778,8.55647,3.95856,-22.1294
1,-0.513016,2.725,8.44905,0.229804,2.24219,1.51341,5.65355,3.72723,-1.04709,71.1585
1,-7.84783,4.27412,-2.30323,3.2139,-6.13086,-3.40007,5.35813,-4.89853,7.22465,26.9905
1,8.57784,-4.00922,-4.58296,-6.11072,-7.02383,7.93878,9.18332,8.64986,5.87573,37.6584
1,1.64403,-0.976287,1.76489,-7.90338,5.85498,-0.942106,-0.204779,-4.79415,-9.88403,44.9389
1,9.91821,3.04178,-2.28675,6.67714,5.53087,7.70257,7.0867,-5.06455,-7.72088,1.68015
1,-9.11374,-6.7803,-8.44905,-8.82504,6.60268,-7.03665,-0.658895,3.65886,-9.15098,-72.7608
1,7.35466,-1.90649,-8.33674,3.93231,7.16666,-9.57884,-7.44316,8.13227,-7.59819,-214.368
1,5.77624,-0.405591,8.85006,1.36143,-4.24543,8.50215,-2.64626,-5.10117,3.81878,80.0759
1,0.820032,3.25053,-8.49483,2.55226,4.62752,-5.18601,-1.16611,1.58238,3.27555,-31.5638
1,-4.71847,-2.70425,-0.704672,-7.24784,-6.73879,1.35289,1.45726,-1.69225,-4.64217,5.5292
1,-5.87207,-0.119327,-9.04294,-0.843226,0.962249,-5.74694,-5.49974,-5.3209,-2.45582,-62.9825
1,-9.74487,3.66314,-7.55791,-1.76916,-2.90811,4.00555,6.24378,0.190741,-2.43812,43.6413
1,-5.79211,8.80184,8.99411,-6.20411,1.36937,8.36482,1.26804,1.77709,9.92981,296.276
1,4.43098,-9.94507,-2.21961,-5.1384,-9.31394,8.48445,9.85229,-0.262764,3.30119,1.83917
